code,name,price,hsl,估算日额万,mktcap亿
002354,天娱数科,8.45,38.09,523639.0,139.81
300468,四方精创,27.5,27.56,401760.0,145.93
002297,博云新材,21.32,32.75,400173.0,122.19
600127,金健米业,12.3,40.76,321760.0,78.94
002104,恒宝股份,14.05,33.7,287713.0,99.52
002580,圣阳股份,22.66,25.43,260683.0,102.85
600722,金牛化工,17.2,22.26,260480.0,117.01
000592,平潭发展,7.49,17.8,255385.0,144.69
000560,我爱我家,3.15,33.33,245931.0,74.2
002639,雪人集团,14.32,24.19,228668.0,111.61
300189,神农种业,7.05,35.9,224283.0,72.19
000712,锦龙股份,12.35,19.76,218590.0,110.66
600693,东百集团,10.93,21.66,205748.0,95.07
001258,立新能源,12.29,17.9,205326.0,114.71
300139,晓程科技,51.96,16.82,204264.0,142.37
002081,金 螳 螂,5.18,14.72,202311.0,137.55
002437,誉衡药业,3.94,21.26,176096.0,87.86
000892,欢瑞世纪,5.59,43.85,174232.0,54.84
002703,浙江世宝,17.11,17.33,173782.0,140.75
603538,美诺华,27.32,18.24,167893.0,92.87
002579,中京电子,14.1,20.08,165159.0,86.38
601086,国芳集团,12.65,19.6,165155.0,84.25
002328,新朋股份,9.96,28.85,163992.0,76.87
002418,康盛股份,5.21,27.6,163437.0,59.21
600367,红星发展,35.18,14.34,162483.0,120.01
300499,高澜股份,33.0,18.09,162194.0,100.73
603269,海鸥股份,27.41,13.64,161493.0,118.4
600611,大众交通,5.01,20.38,159650.0,118.44
603989,艾华集团,31.52,12.29,154534.0,125.7
002886,沃特股份,25.11,29.26,153625.0,66.09
002708,光洋股份,15.27,19.7,153333.0,85.83
300300,海峡创新,9.13,23.44,142705.0,60.88
603757,大元泵业,72.41,10.56,142606.0,135.08
688209,英集芯,34.5,9.19,137582.0,149.66
600721,百花医药,11.94,29.9,137265.0,45.91
603533,掌阅科技,24.0,13.0,136903.0,105.34
600479,千金药业,13.15,24.66,135715.0,64.73
603118,共进股份,16.26,10.48,134168.0,128.01
600227,赤天化,4.29,24.04,131748.0,72.45
001330,博纳影业,5.77,19.14,128424.0,79.31
300378,鼎捷数智,39.74,11.93,127821.0,107.92
300420,五洋自控,8.04,14.23,127743.0,89.76
600354,敦煌种业,8.66,27.93,127680.0,45.71
002654,万润科技,13.79,10.91,127148.0,116.57
600103,青山纸业,3.55,16.14,126795.0,79.55
002361,神剑股份,10.6,14.0,125307.0,100.81
002969,嘉美包装,13.13,8.69,124732.0,144.23
002017,东信和平,17.06,12.53,123976.0,99.02
603778,国晟科技,10.79,17.84,123723.0,71.22
002721,金一文化,3.15,14.55,121889.0,83.77
000533,顺钠股份,12.05,14.74,121617.0,83.24
002031,巨轮智能,5.36,10.3,121435.0,117.89
300182,捷成股份,5.22,9.54,120232.0,139.05
603466,风语筑,12.39,16.01,117989.0,73.7
002059,云南旅游,5.67,20.94,117591.0,57.41
603270,金帝股份,33.37,48.41,114237.0,73.12
603890,春秋电子,19.61,11.56,114228.0,98.84
002300,太阳电缆,8.03,19.48,112997.0,58.0
600714,金瑞矿业,21.48,18.21,112716.0,61.9
601700,风范股份,7.68,12.81,112053.0,87.46
600540,新赛股份,6.11,31.25,110995.0,35.52
600371,万向德农,13.7,27.68,110940.0,40.08
300133,华策影视,7.67,8.63,110173.0,143.79
300709,精研科技,43.34,16.76,108835.0,80.89
688170,德龙激光,61.9,16.9,108151.0,63.98
002655,共达电声,37.71,7.64,104710.0,137.49
002922,伊戈尔,25.27,10.84,104651.0,106.79
003040,楚天龙,21.12,10.8,104200.0,97.39
000070,特发信息,15.52,7.81,103837.0,134.77
600613,神奇制药,9.02,23.87,103195.0,48.17
603626,科森科技,17.93,10.33,102806.0,99.49
688028,沃尔德,97.52,6.98,102689.0,147.21
000815,美利云,16.18,9.11,102466.0,112.49
603063,禾望电气,30.94,7.13,101993.0,143.61
688031,星环科技-U,105.88,7.91,101407.0,128.26
000017,深中华A,9.52,24.11,101166.0,65.61
300674,宇信科技,18.19,7.89,100896.0,128.07
002181,粤 传 媒,9.5,9.35,100739.0,110.3
688603,天承科技,118.0,6.83,100556.0,147.17
600108,亚盛集团,4.36,11.69,99216.0,84.89
688020,方邦股份,132.19,9.07,98826.0,108.93
603738,泰晶科技,34.3,7.45,98646.0,132.36
000510,新金路,16.0,10.12,98286.0,103.77
605179,一鸣食品,28.68,8.55,98278.0,115.01
603011,合锻智能,24.2,8.11,97084.0,119.65
600313,农发种业,7.31,12.26,96998.0,84.9
300624,万兴科技,55.39,10.16,96401.0,107.09
301218,华是科技,48.79,27.52,96275.0,55.64
300164,通源石油,10.12,16.21,95674.0,59.55
002165,红 宝 丽,7.77,16.85,95295.0,57.13
002084,海鸥住工,7.1,20.74,94933.0,45.87
603039,泛微网络,39.6,7.77,94707.0,121.83
002141,贤丰控股,6.38,14.15,93273.0,65.9
002119,康强电子,21.89,11.27,92596.0,82.15
301216,万凯新材,20.6,8.23,92283.0,119.52
301282,金禄电子,39.72,13.04,91483.0,83.78
600185,珠免集团,5.48,8.77,90588.0,103.3
003032,传智教育,9.72,32.55,90009.0,39.12
600272,开开实业,17.57,31.91,89692.0,46.15
002385,大北农,3.46,7.27,89672.0,148.1
600830,香溢融通,9.79,19.93,88657.0,44.48
300063,天龙集团,9.28,15.07,87668.0,70.39
000681,视觉中国,17.2,7.52,87483.0,120.5
003005,竞业达,18.48,35.21,87329.0,42.76
600657,信达地产,3.5,8.75,87319.0,99.82
000779,甘咨询,10.6,17.63,86872.0,49.27
002041,登海种业,10.98,8.94,86365.0,96.62
002971,和远气体,38.65,13.82,86024.0,81.41
002897,意华股份,57.35,8.09,85574.0,111.19
002940,昂利康,26.88,17.02,84473.0,54.22
605006,山东玻纤,14.67,8.74,83792.0,95.88
301080,百普赛斯,81.71,8.08,83745.0,137.01
300377,赢时胜,15.19,7.81,83195.0,114.08
300145,南方泵业,4.94,8.76,82740.0,94.86
002400,省广集团,6.74,7.04,81915.0,117.5
301357,北方长龙,101.5,12.97,81861.0,96.63
603613,国联股份,20.68,5.48,81645.0,149.01
600610,中毅达,8.55,13.45,81472.0,91.59
600589,大位科技,8.14,6.75,81176.0,120.6
300830,金现代,9.98,24.11,81057.0,45.07
688485,九州一轨,95.47,5.64,80862.0,143.48
603045,福达合金,49.98,11.88,80392.0,67.7
300862,蓝盾光电,46.45,11.35,79854.0,85.76
002842,翔鹭钨业,34.14,8.7,79772.0,111.7
002167,东方锆业,15.24,6.86,79648.0,118.06
300322,硕贝德,17.84,10.11,79469.0,82.07
300328,宜安科技,15.67,7.32,78936.0,108.19
002787,华源控股,23.43,13.47,78294.0,77.88
603598,引力传媒,18.77,15.41,78018.0,50.68
002855,捷荣技术,17.95,17.35,76698.0,44.23
600363,联创光电,16.31,10.4,76508.0,73.54
301591,肯特股份,46.61,36.5,76035.0,50.97
600391,航发科技,37.91,6.07,75933.0,125.15
603138,海量数据,15.33,17.15,75808.0,45.01
603980,吉华集团,7.94,14.02,75349.0,53.74
600508,上海能源,11.22,6.62,75170.0,113.52
002537,海联金汇,6.6,9.63,74428.0,77.49
002515,金字火腿,7.42,9.09,74344.0,89.83
002757,南兴股份,18.09,14.45,74298.0,53.45
300647,超频三,8.09,19.93,73641.0,37.0
301307,美利信,55.72,12.05,73328.0,117.35
002885,京泉华,27.73,11.04,72856.0,75.13
603580,艾艾精工,68.62,8.02,71930.0,89.67
300368,汇金股份,9.94,13.63,71642.0,52.58
688677,海泰新光,81.81,7.22,70763.0,98.07
002824,和胜股份,25.66,12.14,70471.0,79.85
300444,双杰电气,9.68,11.56,70184.0,77.89
300497,富祥股份,18.28,8.38,69924.0,98.47
002124,天邦食品,2.42,14.64,69857.0,53.77
002229,鸿博股份,12.07,11.72,69784.0,59.53
301085,亚康股份,67.01,17.36,69480.0,58.15
002412,汉森制药,9.68,14.34,69111.0,48.71
600596,新安股份,11.02,4.62,68651.0,148.73
002196,方正电机,10.88,12.85,68505.0,53.95
300400,劲拓股份,32.87,8.51,67870.0,79.98
002506,协鑫集成,2.53,4.58,67722.0,148.01
601566,九牧王,10.51,11.21,67717.0,60.39
600828,茂业商业,4.97,7.86,67651.0,86.08
300766,每日互动,22.63,8.35,67590.0,89.33
002272,川润股份,16.89,9.51,67325.0,81.9
300943,春晖智控,35.5,14.08,67155.0,72.36
000998,隆平高科,9.39,5.44,67154.0,137.98
300911,亿田智能,31.14,12.53,66874.0,57.09
002158,汉钟精机,27.36,4.58,66821.0,146.3
600121,郑州煤电,5.12,10.71,66818.0,62.38
300229,拓尔思,13.79,5.54,66738.0,120.47
300077,国民技术,19.94,5.87,66726.0,135.22
600785,新华百货,11.4,18.53,66722.0,36.01
002458,益生股份,9.11,7.58,66720.0,130.38
002201,九鼎新材,9.27,11.92,66501.0,60.41
600986,浙文互联,7.56,5.91,66471.0,112.45
603090,宏盛股份,42.45,15.65,66445.0,42.45
600059,古越龙山,9.19,7.91,66244.0,83.77
300589,江龙船艇,14.53,20.44,66077.0,54.88
603619,中曼石油,22.78,6.26,65920.0,105.32
301196,唯科科技,78.88,7.73,65751.0,129.53
300333,兆日科技,12.25,15.95,65424.0,41.16
600865,百大集团,11.35,15.3,65349.0,42.7
301008,宏昌科技,45.1,12.5,65216.0,59.06
000759,中百集团,6.36,15.63,65161.0,41.72
300252,金信诺,11.97,9.74,65158.0,81.9
300401,花园生物,14.75,8.18,64669.0,80.36
603221,爱丽家居,27.58,9.66,64557.0,66.82
000505,京粮控股,7.06,13.81,64545.0,51.32
300725,药石科技,42.73,7.36,63724.0,99.91
603936,博敏电子,15.98,6.32,63626.0,103.13
600506,统一股份,18.46,13.66,62934.0,46.08
603330,天洋新材,10.54,13.79,62876.0,45.6
300113,顺网科技,17.24,7.15,62784.0,116.23
301310,鑫宏业,55.1,11.66,62675.0,105.22
603319,美湖股份,29.16,6.32,62479.0,98.9
300927,江天化学,29.8,14.87,62438.0,43.02
688662,富信科技,79.5,6.83,62261.0,91.19
601678,滨化股份,6.01,5.05,62018.0,144.78
600698,湖南天雁,7.91,9.44,62003.0,84.53
605088,冠盛股份,22.77,13.5,61829.0,46.16
603601,再升科技,9.07,5.97,61822.0,103.61
688308,欧科亿,84.18,4.6,61531.0,133.66
300008,天海防务,6.46,5.69,61210.0,111.63
300740,水羊股份,22.59,6.57,60704.0,99.37
002440,闰土股份,13.3,4.82,60610.0,149.49
002100,天康生物,8.41,5.27,60529.0,114.82
688508,芯朋微,82.89,5.5,60418.0,109.76
300331,苏大维格,47.2,5.75,60262.0,122.56
603978,深圳新星,21.9,12.97,59963.0,46.23
688507,索辰科技,147.0,8.25,59730.0,130.99
300917,特发服务,28.96,12.19,59677.0,48.94
000700,模塑科技,11.1,5.85,59631.0,101.9
300166,东方国信,12.66,5.02,59156.0,144.17
000534,万泽股份,24.92,4.69,58936.0,126.98
603031,安孚科技,39.44,4.55,58801.0,147.44
300191,潜能恒信,36.66,7.18,58217.0,117.31
002970,锐明技术,48.5,9.1,58083.0,89.5
300951,博硕科技,80.88,4.69,57393.0,137.01
600551,时代出版,8.05,10.51,57350.0,54.58
300302,同有科技,27.18,5.68,57329.0,130.26
605188,国光连锁,14.3,7.85,56996.0,72.61
688090,瑞松科技,66.99,5.33,56638.0,106.33
300663,科蓝软件,8.98,13.68,56550.0,42.97
000676,智度股份,7.1,6.32,56514.0,89.45
300363,博腾股份,19.67,5.75,56435.0,106.9
002796,世嘉科技,28.45,8.7,56360.0,71.8
603690,至纯科技,23.29,6.32,56333.0,89.19
301150,中一科技,36.11,5.12,56133.0,116.96
688202,美迪西,93.24,4.46,55930.0,125.27
002284,亚太股份,10.25,7.45,55924.0,75.76
300687,赛意信息,28.85,5.77,55919.0,117.83
300369,绿盟科技,7.97,8.63,55609.0,64.61
002632,道明光学,9.53,10.15,55588.0,59.52
300785,值得买,36.38,11.74,55572.0,72.34
002882,金龙羽,24.3,9.24,55453.0,105.19
600338,西藏珠峰,13.48,4.49,55393.0,123.24
601595,上海电影,18.75,6.59,55361.0,84.04
002706,良信股份,9.66,6.26,55299.0,108.49
000417,合百集团,6.3,11.25,55228.0,49.13
002212,天融信,6.65,7.1,55099.0,78.43
300130,新国都,20.22,6.27,55097.0,114.71
603318,水发燃气,9.34,12.84,55069.0,51.81
300214,日科化学,11.65,10.15,54971.0,54.16
688559,海目星,53.49,4.13,54780.0,132.53
300852,四会富仕,48.33,7.3,54636.0,77.58
600903,贵州燃气,6.75,6.95,54630.0,78.57
301373,凌玮科技,95.73,8.14,54263.0,103.84
300005,探路者,10.67,5.78,54048.0,94.29
603078,江化微,31.53,4.44,54004.0,121.59
301021,英诺激光,69.83,5.05,53871.0,106.75
300996,普联软件,14.02,11.49,53646.0,55.49
688655,迅捷兴,42.1,9.53,53522.0,56.16
002631,德尔未来,11.01,6.11,53396.0,87.78
301292,海科新源,61.3,10.18,53165.0,136.57
300720,海川智能,62.51,4.61,53067.0,121.82
600228,返利科技,10.3,12.35,52922.0,42.92
605299,舒华体育,13.45,9.61,52686.0,54.83
300671,富满微,51.52,4.63,52667.0,114.06
300071,福石控股,4.32,12.89,52647.0,41.64
000823,超声电子,14.49,6.11,52643.0,86.21
002258,利尔化学,14.86,4.43,52562.0,118.94
601999,出版传媒,7.15,13.34,52527.0,39.39
002172,澳洋健康,4.21,16.25,52329.0,32.24
301013,利和兴,36.06,7.64,52134.0,84.29
300244,迪安诊断,17.78,5.83,51940.0,111.12
688535,华海诚科,94.48,4.1,51742.0,135.37
603399,永杉锂业,13.85,7.29,51702.0,70.95
300976,达瑞电子,58.96,7.27,51579.0,110.33
603686,福龙马,13.72,9.02,51393.0,57.0
002421,达实智能,3.38,7.46,51373.0,71.68
600936,北投科技,5.45,5.63,51231.0,91.07
300180,华峰超纤,4.87,6.11,51149.0,85.76
002115,三维通信,10.75,6.36,50982.0,86.54
000420,吉林化纤,3.82,5.42,50916.0,93.93
002251,步步高,3.8,6.01,50740.0,102.17
002965,祥鑫科技,29.97,7.11,50733.0,79.53
603696,安记食品,15.13,14.22,50604.0,35.59
300184,力源信息,11.71,4.11,50551.0,134.27
688158,优刻得-W,29.84,4.11,50320.0,137.47
300846,首都在线,19.27,6.27,50273.0,97.23
605577,龙版传媒,15.55,7.27,50251.0,69.11
002173,创新医疗,18.4,6.48,50204.0,81.2
601929,吉视传媒,2.52,5.7,50150.0,87.94
000059,华锦股份,5.75,5.45,50082.0,91.97
000796,凯撒旅业,4.37,8.6,50002.0,70.09
000520,凤凰航运,4.44,11.1,49894.0,44.94
300459,汤姆猫,3.76,4.04,49887.0,132.19
301697,C贝特利,27.45,41.21,49768.0,72.11
002274,华昌化工,6.12,8.62,49452.0,58.28
603363,傲农生物,3.28,7.02,49400.0,89.58
301366,一博科技,55.23,7.62,49212.0,115.73
000813,德展健康,3.43,6.83,49093.0,71.93
002036,联创电子,6.87,6.76,49004.0,72.66
603110,东方材料,25.9,9.39,48946.0,52.12
000735,罗 牛 山,6.13,6.91,48745.0,70.59
603897,长城科技,29.81,7.92,48745.0,61.54
002163,海南发展,9.11,6.66,48734.0,76.98
002645,华宏科技,17.47,4.1,48666.0,131.57
300795,米奥会展,13.84,20.1,48453.0,41.37
301629,矽电股份,268.8,9.36,48314.0,112.16
688222,成都先导,31.44,3.83,48266.0,125.97
600318,新力金融,7.34,12.8,48160.0,37.63
002617,露笑科技,6.11,4.2,48147.0,116.65
301500,飞南资源,24.92,13.41,48128.0,139.82
000949,新乡化纤,7.79,3.73,48121.0,129.07
601890,亚星锚链,9.15,5.47,48058.0,87.79
300192,科德教育,18.66,5.65,48032.0,85.99
300174,元力股份,18.15,7.27,47855.0,66.1
000880,潍柴重机,24.3,8.67,47852.0,112.72
300382,斯莱克,17.41,4.22,47656.0,112.89
688239,航宇科技,54.68,4.56,47605.0,104.39
688258,卓易信息,94.45,4.16,47590.0,114.42
300065,海兰信,15.62,4.64,47566.0,112.7
688598,金博股份,31.79,7.31,47338.0,65.99
301235,华康洁净,46.9,9.65,47177.0,65.31
300731,科创新源,45.0,6.23,47151.0,79.78
300225,金力泰,7.79,12.74,46874.0,37.04
001299,美能能源,11.7,14.11,46611.0,36.76
002896,中大力德,62.63,3.78,46584.0,123.08
603150,万朗磁塑,66.51,8.18,46529.0,56.85
688328,深科达,75.4,6.52,46412.0,71.22
301093,华兰股份,62.4,3.65,46407.0,132.99
301688,C格林生物,41.19,43.29,46338.0,54.92
603122,合富中国,13.56,8.57,46278.0,53.98
002471,中超控股,5.79,5.91,46010.0,79.25
688543,国科军工,42.89,4.27,45918.0,107.49
002298,中电鑫龙,8.62,8.01,45911.0,63.8
300566,激智科技,24.39,8.29,45851.0,63.93
603220,中贝通信,18.33,4.65,45751.0,98.31
003043,华亚智能,68.33,7.12,45724.0,98.4
688390,固德威,61.22,3.07,45708.0,148.84
603191,望变电气,15.8,8.76,45693.0,55.21
301607,富特科技,42.03,7.15,45630.0,98.4
603958,哈森股份,20.71,9.98,45355.0,45.43
603200,上海洗霸,41.1,6.27,45197.0,72.12
301127,武汉天源,17.35,3.97,45097.0,116.95
300970,华绿生物,19.28,18.79,44802.0,30.83
300313,天山生物,14.39,15.77,44799.0,34.5
300561,汇金科技,16.74,11.06,44618.0,54.93
002443,金洲管道,10.74,7.98,44618.0,55.91
002490,山东墨龙,7.79,10.55,44531.0,64.15
002279,久其软件,7.14,7.83,44490.0,61.56
300528,幸福蓝海,13.94,8.55,44417.0,51.94
301338,凯格精机,94.0,4.35,44394.0,140.02
300061,旗天科技,6.57,11.06,44306.0,43.3
000890,法尔胜,8.51,12.4,44259.0,35.7
603477,巨星农牧,16.19,5.36,44228.0,84.67
688260,昀冢科技,89.57,4.1,44109.0,107.48
002470,金正大,2.09,6.41,44048.0,68.68
002174,游族网络,12.18,3.68,43913.0,119.34
301389,隆扬电子,52.86,2.93,43865.0,149.86
002741,光华科技,22.85,4.46,43813.0,107.08
002585,双星新材,8.87,5.55,43667.0,101.24
600203,福日电子,11.0,6.68,43549.0,65.23
605277,新亚电子,16.96,6.65,43534.0,65.94
300348,长亮科技,10.42,5.71,43449.0,84.65
600821,金开新能,6.04,3.65,43381.0,118.83
002457,青龙管业,12.06,10.78,43371.0,40.22
002176,江特电机,8.71,2.93,43358.0,148.27
300153,科泰电源,22.82,5.96,43303.0,73.02
300792,壹网壹创,25.91,7.8,43269.0,61.58
301520,万邦医药,55.66,23.75,43227.0,51.86
002929,润建股份,50.65,3.94,43219.0,145.05
002177,御银股份,6.13,10.32,43198.0,46.66
603353,和顺石油,33.93,7.46,43111.0,57.82
002903,宇环数控,27.24,14.59,42755.0,42.4
300798,锦鸡股份,8.9,11.78,42534.0,43.89
600325,华发股份,2.63,5.87,42514.0,72.38
688600,皖仪科技,33.1,9.51,42423.0,44.59
688690,纳微科技,35.3,2.97,42401.0,142.55
301571,国科天成,64.55,5.49,42224.0,115.82
000635,英 力 特,7.69,14.96,42198.0,30.31
003036,泰坦股份,50.8,3.83,42094.0,110.04
600749,西藏旅游,15.49,11.95,42004.0,35.16
002779,中坚科技,80.72,3.13,41920.0,149.17
603257,中国瑞林,71.66,23.47,41881.0,85.99
300304,云意电气,11.97,4.09,41739.0,105.11
002987,京北方,12.26,3.32,41282.0,127.56
688181,八亿时空,36.65,8.44,41168.0,48.76
688515,裕太微-U,141.92,5.82,41166.0,113.54
002811,郑中设计,14.92,9.73,41088.0,45.95
600383,金地集团,2.39,3.81,41067.0,107.9
688530,欧莱新材,53.9,10.91,41049.0,86.26
603400,华之杰,53.6,21.09,40954.0,69.59
301095,广立微,70.19,3.34,40947.0,140.58
002840,华统股份,9.25,5.55,40894.0,74.2
001208,华菱线缆,14.85,8.63,40870.0,94.8
300790,宇瞳光学,18.25,4.9,40831.0,94.97
300655,晶瑞电材,12.05,3.02,40802.0,135.76
000799,酒鬼酒,39.38,3.19,40779.0,127.96
300693,盛弘股份,40.13,3.76,40671.0,125.52
601579,会稽山,24.07,3.52,40586.0,115.41
300546,雄帝科技,18.79,15.65,40576.0,35.26
002094,青岛金王,5.75,10.2,40498.0,39.73
603687,大胜达,16.25,4.53,40449.0,89.38
301312,智立方,75.59,6.3,40340.0,127.38
002365,永安药业,14.34,11.44,40282.0,42.26
688381,帝奥微,35.48,4.58,40195.0,87.81
002246,北化股份,21.35,3.43,40160.0,117.22
688356,键凯科技,79.8,8.29,40107.0,48.4
300263,隆华科技,9.8,4.19,40077.0,101.43
000716,黑芝麻,5.46,9.94,39917.0,41.11
002565,顺灏股份,8.59,4.38,39843.0,91.05
300986,志特新材,12.04,5.75,39816.0,69.32
600360,华微电子,9.66,4.29,39763.0,92.76
300465,高伟达,12.37,7.23,39707.0,54.89
600857,宁波中百,20.78,8.5,39641.0,46.61
300553,集智股份,50.16,9.28,39614.0,55.69
000612,焦作万方,11.03,3.01,39613.0,131.5
688106,金宏气体,25.65,2.89,39328.0,137.57
301262,海看股份,20.77,15.5,39305.0,86.61
600258,首旅酒店,11.95,2.93,39126.0,133.43
002215,诺 普 信,10.62,4.56,39106.0,106.65
603395,红四方,27.06,22.16,38985.0,70.36
002285,世联行,2.37,8.3,38934.0,47.23
688059,华锐精密,84.63,3.51,38891.0,118.47
002011,盾安环境,10.85,3.37,38800.0,116.58
300895,铜牛信息,56.13,10.11,38724.0,79.03
300283,温州宏丰,12.61,8.08,38694.0,62.67
688456,有研粉材,71.03,5.25,38656.0,73.63
605162,新中港,10.68,8.16,38576.0,47.3
300534,陇神戎发,13.2,9.65,38468.0,40.04
688660,电气风电,8.42,3.42,38365.0,112.27
002567,唐人神,4.05,6.62,38361.0,58.04
002937,兴瑞科技,28.04,4.29,37923.0,88.61
603906,龙蟠科技,18.7,3.6,37882.0,147.94
002952,亚世光电,21.67,13.04,37875.0,35.61
002292,奥飞娱乐,8.48,4.37,37698.0,125.39
300745,欣锐科技,28.42,9.32,37664.0,47.91
688035,德邦科技,63.67,4.16,37662.0,90.56
688221,前沿生物-U,17.42,5.76,37592.0,65.25
301566,达利凯普,23.66,7.34,37517.0,94.64
603990,麦迪科技,20.73,5.92,37456.0,63.28
000672,上峰材料,14.89,2.59,37390.0,144.34
300936,中英科技,73.72,10.62,37293.0,55.44
301529,福赛科技,107.0,5.48,37250.0,126.71
002881,美格智能,41.93,4.84,37208.0,126.75
603068,博通集成,39.7,6.17,37170.0,60.26
601015,陕西黑猫,3.67,4.95,37107.0,74.96
002988,豪美新材,26.15,5.68,37093.0,65.32
300511,雪榕生物,5.47,11.85,36931.0,35.05
002785,万里石,35.05,5.39,36724.0,79.43
300598,诚迈科技,33.39,5.03,36456.0,72.45
300404,博济医药,12.43,10.27,36445.0,47.95
688593,新相微,29.33,2.7,36443.0,134.78
688628,优利德,76.56,4.24,36319.0,85.57
002733,雄韬股份,18.21,5.39,36211.0,69.97
603976,正川股份,35.82,5.88,36170.0,61.47
301382,蜂助手,36.9,4.15,36168.0,105.29
605365,立达信,15.84,4.55,36167.0,79.52
300581,晨曦航空,10.97,5.98,36066.0,60.35
301189,奥尼电子,56.36,4.05,36063.0,92.23
300531,优博讯,17.06,6.76,35943.0,54.78
002349,精华制药,7.66,5.76,35923.0,63.66
002868,绿康生化,25.83,12.93,35887.0,40.14
300828,锐新科技,18.1,20.87,35817.0,30.12
300505,川金诺,20.43,8.07,35810.0,56.16
603608,天创时尚,20.95,4.02,35778.0,89.04
600158,中体产业,7.37,5.05,35727.0,70.72
002553,南方精工,17.04,8.18,35726.0,60.22
301251,威尔高,53.68,8.79,35666.0,101.22
300769,德方纳米,41.62,3.39,35555.0,116.61
301326,捷邦科技,104.0,4.74,35500.0,75.62
603123,翠微股份,11.18,4.87,35486.0,89.3
600969,郴电国际,10.18,9.41,35443.0,37.67
002410,广联达,8.86,2.51,35364.0,146.36
600251,冠农股份,10.83,4.2,35328.0,84.15
300825,阿尔特,12.52,5.81,35249.0,61.96
603058,永吉股份,10.1,8.37,35045.0,41.88
301630,同宇新材,180.02,9.25,34933.0,100.81
301628,强达电路,107.0,11.23,34927.0,80.65
600744,华银电力,6.21,2.76,34840.0,126.13
300483,首华燃气,25.58,3.54,34793.0,98.51
300945,曼卡龙,13.16,11.06,34740.0,34.49
300342,天银机电,32.3,2.56,34718.0,137.29
000026,飞亚达,19.75,4.82,34712.0,80.14
688661,和林微纳,96.9,2.35,34635.0,147.18
600326,西藏天路,7.55,3.37,34630.0,102.87
300889,爱克股份,26.98,8.61,34594.0,59.42
002342,巨力索具,7.85,4.62,34587.0,75.36
300547,川环科技,27.13,7.14,34538.0,58.85
601116,三江购物,11.36,5.55,34521.0,62.22
688719,爱科赛博,53.2,7.23,34490.0,61.39
300386,飞天诚信,12.55,10.68,34482.0,52.46
002943,宇晶股份,31.0,5.88,34435.0,82.72
300043,星辉娱乐,4.73,5.85,34427.0,58.85
300491,通合科技,33.27,6.57,34423.0,59.11
301333,诺思格,56.17,6.35,34401.0,54.25
002291,遥望科技,5.78,6.85,34391.0,53.63
300850,新强联,26.84,4.17,34391.0,111.14
301321,翰博高新,41.65,5.59,34379.0,77.65
300249,依米康,13.44,6.84,34377.0,61.61
300922,天秦装备,19.46,13.98,34352.0,31.3
300031,宝通科技,20.72,4.61,34265.0,86.76
002208,合肥城建,10.16,4.19,34198.0,81.61
300315,掌趣科技,4.1,3.07,34100.0,111.01
300049,福瑞医科,42.3,3.45,34095.0,111.67
002640,跨境通,3.45,6.38,34080.0,53.75
301047,义翘神州,91.94,3.1,34069.0,111.83
301182,凯旺科技,71.0,5.49,34067.0,68.03
002438,江苏神通,14.53,4.99,34002.0,73.75
301291,明阳电气,33.74,6.05,33972.0,106.13
300469,信息发展,55.9,2.45,33959.0,138.77
688003,天准科技,75.01,2.32,33918.0,146.11
301005,超捷股份,65.49,2.81,33913.0,123.1
603339,四方科技,12.54,8.72,33843.0,38.8
600691,潞化科技,3.01,4.73,33843.0,71.52
601952,苏垦农发,9.32,2.63,33782.0,128.43
688416,恒烁股份,70.91,4.4,33681.0,76.5
300004,南风股份,8.71,8.05,33664.0,41.81
300291,百纳千成,5.39,6.68,33507.0,50.77
603065,宿迁联盛,14.35,5.57,33468.0,60.12
300781,因赛集团,29.02,9.51,33438.0,47.64
300969,恒帅股份,76.91,5.55,33394.0,126.22
300480,光力科技,28.07,4.59,33371.0,103.92
688323,瑞华泰,24.74,6.73,33356.0,49.58
002766,索菱股份,4.32,9.01,33339.0,37.15
000593,德龙汇能,21.97,4.23,33334.0,78.79
000430,张家界,7.65,11.75,33309.0,61.94
300094,国联水产,3.15,9.51,33112.0,35.54
002083,孚日股份,9.9,3.53,33050.0,93.72
300163,先锋新材,7.46,9.66,33026.0,35.36
600654,中安科,3.26,4.37,33020.0,92.76
600288,大恒科技,11.16,6.77,33012.0,48.75
300872,天阳科技,16.04,4.87,32963.0,78.29
300842,帝科股份,61.79,4.12,32932.0,89.77
000970,中科三环,11.74,2.31,32931.0,142.73
300875,捷强装备,34.69,10.79,32864.0,34.63
002606,大连电瓷,13.14,5.93,32848.0,57.69
000751,锌业股份,4.95,4.09,32742.0,79.97
688448,磁谷科技,69.0,4.86,32724.0,67.29
688658,悦康药业,13.54,5.37,32723.0,60.93
300201,海伦哲,13.43,2.43,32715.0,135.51
603912,佳力图,9.15,6.58,32676.0,49.62
301191,菲菱科思,83.09,5.38,32664.0,80.51
688095,福昕软件,63.0,5.67,32614.0,57.56
600343,航天动力,18.24,2.8,32597.0,116.41
600366,宁波韵升,11.25,2.63,32534.0,123.64
300634,彩讯股份,20.3,3.69,32523.0,91.6
300551,古鳌科技,12.36,8.03,32494.0,42.03
600702,舍得酒业,35.66,2.74,32482.0,118.42
688378,奥来德,42.09,3.09,32470.0,110.03
002033,丽江股份,9.14,6.45,32416.0,50.22
300576,容大感光,27.53,4.49,32350.0,111.14
002112,三变科技,15.52,7.95,32343.0,45.65
002990,盛视科技,46.76,5.01,32341.0,122.44
300864,南大环境,28.95,7.0,32258.0,46.06
300829,金丹科技,17.48,10.97,32234.0,39.73
688365,光云科技,15.39,4.91,32203.0,65.61
600975,新五丰,5.59,4.61,32195.0,69.86
301631,壹连科技,63.0,11.71,32163.0,80.63
603683,晶华新材,15.99,6.97,32133.0,46.59
603203,快克智能,41.0,2.4,32109.0,135.3
603366,日出东方,7.83,5.04,32063.0,63.66
603093,南华期货,13.49,2.69,32039.0,140.05
603026,石大胜华,60.61,2.27,32007.0,141.04
603402,陕西旅游,72.77,17.5,31998.0,73.16
300042,朗科科技,37.45,4.26,31962.0,75.05
002589,瑞康医药,3.22,7.26,31939.0,48.45
002315,焦点科技,26.46,4.56,31841.0,109.33
603859,能科科技,37.85,3.43,31800.0,100.83
605118,力鼎光电,34.78,2.23,31777.0,143.02
301122,采纳股份,45.4,9.22,31653.0,55.5
688689,银河微电,37.22,5.87,31648.0,53.93
301188,力诺药包,34.67,3.39,31436.0,92.75
600686,金龙汽车,11.36,3.85,31392.0,81.46
300327,中颖电子,24.79,3.73,31366.0,84.63
000912,泸天化,4.21,4.74,31315.0,66.01
301317,鑫磊股份,48.42,12.38,31292.0,76.11
601778,晶科科技,3.58,2.34,31220.0,133.28
300681,英搏尔,21.48,6.29,31167.0,65.74
601949,中国出版,5.83,2.81,31164.0,111.0
002865,钧达股份,38.23,3.56,31146.0,119.0
301316,慧博云通,36.4,2.19,31127.0,146.91
002413,雷科防务,8.12,2.95,31077.0,107.13
301419,阿莱德,35.7,7.72,30898.0,53.55
688710,益诺思,79.7,4.19,30849.0,112.36
002657,中科金财,16.55,5.54,30806.0,56.16
600916,中国黄金,8.07,2.27,30712.0,135.58
301230,泓博医药,29.61,6.36,30667.0,53.58
001283,豪鹏科技,49.74,5.96,30643.0,64.5
000753,漳州发展,5.18,5.96,30592.0,51.36
603887,城地香江,9.65,5.26,30576.0,58.1
600072,中船科技,9.07,3.11,30561.0,136.11
002774,快意电梯,15.49,7.0,30546.0,52.15
300775,三角防务,21.84,2.63,30509.0,119.59
603559,中通国脉,10.57,7.19,30491.0,42.41
301265,华新科技,18.66,6.69,30446.0,56.53
600556,天下秀,4.88,3.44,30363.0,88.22
002309,中利集团,2.99,4.22,30354.0,89.93
603599,广信股份,10.77,3.1,30347.0,98.04
601900,南方传媒,12.45,2.76,30338.0,109.81
000993,闽东电力,10.73,6.15,30239.0,49.14
301099,雅创电子,48.24,5.45,30204.0,91.14
300533,冰川网络,15.61,8.35,30106.0,51.24
600792,云煤能源,3.98,6.8,30017.0,44.17
301306,西测测试,98.58,5.22,29958.0,83.2
301293,三博脑科,51.91,3.35,29945.0,106.93
002860,星帅尔,17.65,4.89,29881.0,62.15
300204,舒泰神,20.94,3.14,29871.0,113.36
300052,中青宝,11.65,9.77,29796.0,30.51
600773,西藏城投,10.74,2.91,29746.0,102.2
688605,先锋精科,70.05,3.91,29649.0,141.77
300542,新晨科技,13.58,8.66,29641.0,40.54
688678,福立旺,19.97,3.67,29573.0,80.5
001317,三羊马,53.84,6.42,29534.0,46.07
300296,利亚德,5.04,2.52,29525.0,136.68
688138,清溢光电,33.59,2.78,29417.0,105.74
301551,无线传媒,22.2,8.57,29396.0,88.8
000860,顺鑫农业,11.03,3.59,29336.0,81.82
688484,南芯科技,34.65,1.97,29316.0,148.86
605168,三人行,47.72,2.91,29255.0,100.6
002761,浙江建投,7.65,3.52,29128.0,101.35
000428,华天酒店,4.69,6.09,29126.0,47.79
300545,联得装备,28.06,8.39,29032.0,52.04
300859,西域旅游,28.88,6.46,28897.0,44.76
600184,光电股份,17.8,2.78,28785.0,103.73
301070,开勒股份,65.95,5.15,28785.0,83.21
002955,鸿合科技,38.93,3.59,28730.0,92.12
000721,西安饮食,7.23,7.75,28727.0,41.49
000925,众合科技,8.53,5.01,28691.0,57.69
300816,艾可蓝,64.0,7.67,28647.0,51.2
603161,科华控股,17.25,8.71,28646.0,38.67
600666,奥瑞德,3.5,3.18,28631.0,96.3
000626,远大控股,9.47,5.99,28619.0,47.98
000762,西藏矿业,22.18,2.47,28570.0,115.52
000011,深物业A,8.5,6.38,28564.0,50.66
000905,厦门港务,9.33,4.12,28493.0,143.9
688516,奥特维,41.08,2.2,28418.0,129.3
300540,蜀道装备,26.77,5.13,28384.0,60.93
300957,贝泰妮,33.61,1.99,28380.0,142.37
000990,诚志股份,6.47,2.58,28350.0,110.08
002902,铭普光磁,24.71,6.15,28340.0,58.07
301580,爱迪特,52.83,5.32,28330.0,78.82
600199,金种子酒,7.53,5.71,28302.0,49.53
000767,晋控电力,3.38,2.87,28296.0,104.0
300118,东方日升,9.44,3.24,28294.0,107.62
002548,金新农,4.58,7.68,28283.0,37.93
300981,中红医疗,16.5,4.34,28149.0,70.76
688061,灿瑞科技,51.4,4.76,28135.0,59.05
688116,天奈科技,34.86,2.2,28099.0,127.77
603099,长白山,38.5,2.68,28087.0,104.86
002190,成飞集成,25.77,3.04,28075.0,92.44
688379,华光新材,56.5,5.49,27960.0,53.66
002092,中泰化学,4.85,2.24,27957.0,124.92
002445,中南文化,3.18,3.71,27927.0,75.58
600815,厦工股份,4.06,3.87,27908.0,72.03
688137,近岸蛋白,62.15,6.42,27890.0,43.45
001400,江顺科技,79.0,10.89,27720.0,66.36
603322,超讯科技,27.16,6.47,27696.0,42.8
002963,豪尔赛,20.14,9.19,27649.0,30.28
688556,高测股份,7.87,4.22,27592.0,65.38
688787,海天瑞声,93.32,4.9,27564.0,56.3
000722,湖南发展,13.32,4.45,27538.0,85.22
300706,阿石创,46.92,5.15,27498.0,72.04
301027,华蓝集团,21.3,10.18,27427.0,31.31
300303,聚飞光电,6.81,3.03,27425.0,96.48
300128,锦富技术,5.16,4.09,27395.0,67.03
603216,梦天家居,22.1,5.56,27358.0,49.21
002170,芭田股份,11.73,2.95,27286.0,114.0
002637,赞宇科技,12.38,4.74,27280.0,58.24
300457,赢合科技,21.54,1.96,27241.0,138.95
688601,力芯微,60.51,3.36,27201.0,80.9
002194,武汉凡谷,9.96,5.3,27162.0,68.06
603267,鸿远电子,47.5,2.47,27150.0,109.76
600539,狮头股份,14.08,8.37,27098.0,32.38
603867,新化股份,29.08,4.32,27087.0,63.25
300820,英杰电气,55.77,4.34,27053.0,123.92
000566,海南海药,4.88,4.27,27036.0,63.31
000670,盈方微,6.98,4.66,26999.0,59.05
300736,百邦科技,32.34,6.68,26989.0,41.37
600683,京投发展,9.55,3.81,26979.0,70.74
002169,智光电气,12.52,2.83,26946.0,97.99
603456,九洲药业,15.07,2.03,26933.0,132.87
000980,众泰汽车,1.63,3.27,26912.0,82.19
002455,百川股份,7.71,5.28,26900.0,55.7
688150,莱特光电,36.81,1.81,26886.0,148.14
002891,中宠股份,28.61,2.92,26854.0,92.09
600621,华鑫股份,13.75,1.84,26847.0,145.87
300516,久之洋,35.89,2.96,26771.0,90.44
300900,广联航空,23.71,4.39,26727.0,77.7
603327,福蓉科技,9.19,2.78,26666.0,96.08
300227,光韵达,13.35,4.38,26655.0,79.53
688312,燕麦科技,44.8,4.04,26561.0,65.73
600255,鑫科材料,3.4,4.32,26545.0,61.41
688353,华盛锂电,81.84,2.03,26522.0,130.53
003039,顺控发展,12.85,3.34,26517.0,79.35
688176,亚虹医药-U,13.0,3.56,26476.0,74.38
000048,京基智农,22.31,2.24,26453.0,118.29
002803,吉宏股份,20.81,4.27,26452.0,95.29
000422,湖北宜化,12.44,1.99,26396.0,135.3
000859,国风新材,8.95,3.29,26372.0,80.19
301136,招标股份,12.85,7.46,26344.0,35.36
603286,日盈电子,43.05,5.23,26321.0,50.8
300427,红相股份,6.88,7.59,26258.0,34.99
002931,锋龙股份,43.68,2.97,26256.0,95.44
002734,利民股份,16.8,3.61,26164.0,79.23
300079,数码视讯,5.05,4.01,26147.0,72.01
600559,老白干酒,11.69,2.44,26144.0,106.93
000536,华映科技,3.6,2.63,26130.0,99.58
000917,电广传媒,7.24,2.54,26108.0,102.63
301488,豪恩汽电,95.8,6.53,26010.0,97.15
688621,阳光诺和,70.65,3.29,26006.0,79.13
002213,大为股份,27.87,4.5,25907.0,67.01
000690,宝新能源,4.95,2.4,25866.0,107.71
300606,金太阳,35.56,6.1,25811.0,49.2
688046,药康生物,30.71,2.04,25736.0,125.97
002068,黑猫股份,8.14,4.29,25695.0,59.86
688275,万润新能,71.58,2.89,25670.0,90.28
002452,长高电气,11.81,4.2,25664.0,73.26
688225,亚信安全,13.36,4.78,25564.0,53.44
002077,大港股份,12.29,3.58,25545.0,71.32
603207,小方制药,25.22,18.54,25528.0,40.8
002649,博彦科技,9.94,4.38,25486.0,58.79
002106,莱宝高科,10.72,3.37,25474.0,75.66
300939,秋田微,65.06,3.26,25470.0,78.07
600088,中视传媒,12.5,5.11,25420.0,49.71
300520,科大国创,24.04,3.74,25402.0,70.2
603300,海南华铁,4.9,2.59,25357.0,97.96
603112,华翔股份,16.41,2.89,25330.0,88.61
600844,金煤科技,3.66,8.41,25324.0,37.2
688401,路维光电,63.35,2.07,25296.0,130.1
301232,飞沃科技,99.1,4.08,25279.0,104.34
603032,德新科技,19.21,5.64,25237.0,44.8
301110,青木科技,37.57,7.37,25215.0,48.67
603716,塞力医疗,17.33,6.44,25189.0,39.13
688135,利扬芯片,27.35,3.94,25132.0,63.75
300357,我武生物,21.96,2.36,25131.0,114.98
603983,丸美生物,33.28,1.87,24984.0,133.45
300243,瑞丰高材,15.36,7.27,24980.0,42.94
002607,中公教育,2.03,2.15,24972.0,125.2
300311,任子行,5.58,8.32,24963.0,37.59
600644,乐山电力,9.15,4.72,24955.0,52.92
002635,安洁科技,14.93,4.21,24874.0,98.49
300913,兆龙互连,34.83,2.5,24870.0,119.39
001313,粤海饲料,7.71,4.6,24816.0,53.97
301012,扬电科技,23.13,5.43,24720.0,45.56
002647,仁东控股,11.45,2.12,24668.0,129.42
300802,矩子科技,23.45,5.19,24623.0,66.62
300562,乐心医疗,17.81,8.25,24579.0,38.99
601619,嘉泽新能,4.16,2.33,24569.0,125.27
600250,南京商旅,9.81,8.0,24539.0,30.68
002906,华阳集团,28.45,1.64,24425.0,149.34
600783,鲁信创投,15.55,2.11,24420.0,115.75
002612,朗姿股份,16.78,5.57,24416.0,74.24
688023,安恒信息,43.07,5.54,24399.0,44.01
000019,深粮控股,7.13,8.22,24379.0,82.18
300067,安诺其,5.58,4.66,24354.0,64.41
000839,国安股份,2.75,2.25,24287.0,107.8
301046,能辉科技,27.4,6.8,24266.0,46.19
603800,洪田股份,56.15,2.08,24252.0,116.79
002278,神开股份,8.34,8.09,24215.0,32.41
300226,上海钢联,17.19,3.83,24205.0,65.75
002079,苏州固锝,8.9,3.35,24151.0,80.86
688383,新益昌,120.98,1.96,24140.0,122.97
603305,旭升集团,11.24,1.86,24134.0,129.9
300662,科锐国际,22.45,5.47,24110.0,44.18
002879,长缆科技,16.84,10.42,24074.0,32.52
300840,酷特智能,20.31,6.68,24071.0,48.74
301421,波长光电,74.18,5.34,24041.0,85.84
688610,埃科光电,149.46,3.93,24039.0,101.63
301439,泓淋电力,15.03,8.72,24014.0,58.48
300409,道氏技术,17.27,2.0,24012.0,135.09
688717,艾罗能源,45.5,5.32,23971.0,72.8
300860,锋尚文化,29.92,7.32,23965.0,56.38
688758,赛分科技,26.4,3.04,23946.0,109.95
300863,卡倍亿,40.5,2.35,23941.0,105.87
300221,银禧科技,13.19,3.92,23891.0,62.49
300741,华宝股份,16.88,2.3,23869.0,103.96
001316,润贝航科,30.18,5.24,23801.0,48.64
603012,创力集团,10.08,3.65,23769.0,65.17
600758,辽宁能源,3.67,4.9,23768.0,48.52
002674,兴业科技,23.26,3.49,23765.0,68.75
300827,上能电气,24.04,2.26,23748.0,133.83
603323,苏农银行,4.53,2.36,23711.0,100.58
603106,恒银科技,8.08,5.63,23694.0,42.06
002638,勤上股份,4.31,4.05,23611.0,61.92
600267,海正药业,11.64,1.72,23591.0,137.38
000518,四环生物,3.9,5.86,23509.0,40.15
000901,航天科技,14.25,2.07,23488.0,113.74
603916,苏博特,11.2,4.98,23438.0,47.08
603158,腾龙股份,11.12,4.29,23435.0,54.57
002520,日发精机,6.4,5.1,23411.0,48.02
688261,东微半导,66.47,2.88,23375.0,81.52
301053,远信工业,33.3,5.69,23341.0,43.92
300959,线上线下,93.41,4.2,23253.0,75.07
301151,冠龙节能,22.13,6.21,23188.0,37.4
688625,呈和科技,52.43,1.7,23184.0,136.14
002772,众兴菌业,11.6,5.35,23045.0,43.47
300353,东土科技,16.37,2.6,23038.0,100.66
600864,哈投股份,5.78,1.92,23034.0,120.26
301091,深城交,20.1,2.17,23003.0,105.98
300399,天利科技,20.48,5.68,22978.0,40.47
002849,威星智能,18.49,5.68,22970.0,40.8
600075,新疆天业,4.96,2.71,22953.0,84.71
600315,上海家化,18.62,1.83,22882.0,125.17
003010,若羽臣,31.6,3.19,22809.0,98.29
002132,恒星科技,4.19,3.89,22789.0,58.72
300007,汉威科技,30.54,2.6,22736.0,100.0
300708,聚灿光电,8.54,3.73,22734.0,80.56
688319,欧林生物,28.23,1.98,22682.0,114.45
688231,隆达股份,34.0,2.08,22619.0,108.66
600593,大连圣亚,41.36,4.25,22619.0,53.95
688168,安博通,37.55,5.56,22558.0,40.58
300265,通光线缆,13.5,3.57,22550.0,63.13
000555,神州信息,11.1,2.08,22529.0,108.31
600633,浙数文化,10.47,1.69,22503.0,132.77
002582,好想你,10.33,6.33,22491.0,46.25
605068,明新旭腾,21.15,6.56,22489.0,34.3
301687,新广益,48.84,14.77,22474.0,71.73
605288,凯迪股份,65.61,3.48,22469.0,64.87
002235,安妮股份,8.74,4.62,22363.0,50.65
600545,卓郎智能,4.07,3.07,22312.0,72.77
002681,奋达科技,4.96,2.86,22305.0,89.01
300868,杰美特,80.6,3.43,22296.0,102.51
601222,林洋能源,5.93,1.84,22294.0,121.04
003002,壶化股份,17.68,6.87,22220.0,35.36
301487,盟固利,15.71,3.07,22187.0,72.21
000731,四川美丰,7.48,5.4,22166.0,41.05
688512,慧智微-U,13.39,5.05,22125.0,63.32
000656,金科股份,1.25,2.33,22122.0,132.36
688757,胜科纳米,28.22,4.32,22116.0,113.81
001360,南矿集团,18.61,9.46,22095.0,37.96
301655,绿控传动,23.78,20.62,22045.0,108.34
600376,首开股份,3.33,2.57,22036.0,85.9
000923,河钢资源,16.31,2.15,22015.0,106.46
603052,可川科技,55.08,2.13,22003.0,103.49
301376,致欧科技,23.8,4.76,21944.0,95.79
000852,石化机械,5.58,4.13,21916.0,53.33
000798,中水渔业,10.14,5.9,21891.0,37.1
688720,艾森股份,57.55,4.86,21859.0,70.58
000567,海德股份,6.72,1.67,21845.0,131.35
600619,海立股份,13.72,2.02,21836.0,147.26
002549,凯美特气,13.82,2.28,21826.0,96.1
300016,北陆药业,8.47,4.58,21814.0,49.27
688107,安路科技,29.69,1.83,21806.0,119.01
300579,数字认证,24.0,3.45,21788.0,64.8
000713,国投丰乐,6.55,5.41,21739.0,52.28
688359,三孚新科,89.52,2.43,21667.0,89.23
002519,银河电子,5.72,3.37,21656.0,64.43
688518,联赢激光,21.07,3.01,21635.0,71.92
688108,赛诺医疗,16.5,3.14,21631.0,68.96
301087,可孚医疗,51.87,2.14,21531.0,122.36
301458,钧崴电子,35.33,5.18,21516.0,94.21
300259,新天科技,4.35,4.28,21495.0,50.25
002597,金禾实业,21.07,1.8,21440.0,119.74
600784,鲁银投资,7.58,4.18,21402.0,51.21
600859,王府井,10.13,1.88,21369.0,113.85
688227,品高股份,71.08,2.65,21328.0,80.36
000402,金 融 街,2.6,2.74,21322.0,77.71
600635,大众公用,4.72,1.86,21286.0,139.35
002368,太极股份,14.2,2.41,21245.0,88.5
600389,江山股份,18.71,2.64,21235.0,80.57
600446,金证股份,11.18,2.02,21234.0,105.23
603985,恒润股份,17.76,2.71,21218.0,78.3
600237,铜峰电子,8.1,4.19,21212.0,51.07
002388,新亚制程,6.19,6.76,21173.0,31.35
300682,朗新科技,9.41,2.18,21172.0,101.46
002993,奥海科技,36.66,2.42,21171.0,101.2
300998,宁波方正,30.15,6.51,21141.0,41.36
600151,航天机电,9.84,1.49,21059.0,141.13
000801,四川九洲,12.68,1.63,21050.0,128.87
603698,航天工程,21.66,1.81,21047.0,116.1
600155,华创云信,6.23,1.55,21021.0,136.01
300034,钢研高纳,16.34,1.68,21002.0,130.22
002735,王子新材,11.91,6.18,20990.0,44.69
301369,联动科技,121.95,3.14,20984.0,124.76
600590,泰豪科技,8.7,2.86,20969.0,74.2
002146,荣盛发展,1.2,4.47,20962.0,52.18
300552,万集科技,22.07,6.86,20895.0,47.04
301510,固高科技,27.11,2.03,20892.0,109.64
300688,创业黑马,29.0,4.85,20857.0,48.54
000523,红棉股份,3.37,3.45,20854.0,61.86
000965,天保基建,3.37,5.57,20839.0,37.4
002425,凯撒文化,3.41,6.63,20809.0,32.62
301379,天山电子,20.06,4.74,20798.0,55.66
600452,涪陵电力,9.05,1.5,20797.0,139.06
603016,新宏泰,33.0,4.25,20789.0,48.89
000558,天府文旅,3.9,4.13,20769.0,50.28
688327,云从科技-UW,10.31,2.41,20758.0,107.22
002807,江阴银行,4.22,1.82,20747.0,114.26
688510,航亚科技,26.16,3.05,20743.0,68.0
600266,城建发展,4.3,2.32,20730.0,89.26
000061,农 产 品,6.33,1.82,20695.0,125.65
688228,开普云,82.0,3.73,20688.0,55.39
002134,天津普林,22.27,3.76,20675.0,55.19
301399,英特科技,20.8,18.15,20645.0,38.48
688049,炬芯科技,41.89,2.8,20642.0,73.73
603883,老百姓,13.47,2.02,20605.0,102.22
601882,海天精工,22.63,1.74,20563.0,118.13
300224,正海磁材,11.71,1.89,20535.0,108.99
688286,敏芯股份,46.0,5.7,20534.0,36.02
688152,麒麟信安,36.36,5.54,20513.0,37.05
300727,润禾材料,30.5,4.15,20512.0,54.94
600520,三佳科技,24.45,5.29,20508.0,38.74
300997,欢乐家,16.85,3.08,20496.0,73.29
300009,安科生物,8.32,2.0,20495.0,139.0
300601,康泰生物,12.58,1.81,20460.0,140.51
603882,金域医学,26.7,1.66,20452.0,123.69
002651,利君股份,8.68,4.16,20427.0,89.7
300047,天源迪科,9.49,3.71,20418.0,60.52
002072,凯瑞德,8.9,6.23,20369.0,32.72
688262,国芯科技,27.53,2.2,20348.0,92.5
301662,宏工科技,62.7,7.28,20341.0,72.73
300120,经纬辉开,7.36,5.24,20318.0,42.28
000576,甘化科工,8.41,5.57,20305.0,36.7
002478,常宝股份,7.01,4.0,20270.0,63.15
301413,安培龙,57.28,4.62,20229.0,78.7
300154,瑞凌股份,12.41,5.16,20206.0,55.79
600379,宝光股份,14.33,4.27,20187.0,47.32
300964,本川智能,56.7,4.12,20187.0,60.59
000601,韶能股份,6.17,3.12,20175.0,65.65
301160,翔楼新材,44.22,4.12,20161.0,73.72
002045,国光电器,9.14,3.92,20127.0,51.41
301120,新特电气,15.05,5.92,20127.0,56.16
002276,万马股份,10.4,1.91,20048.0,105.15
002345,潮宏基,9.67,2.39,20038.0,85.92
600468,百利电气,6.3,2.92,20032.0,68.53
605488,福莱新材,27.22,2.47,20027.0,81.66
002584,西陇科学,8.0,5.19,19982.0,46.82
002755,奥赛康,11.7,1.84,19972.0,108.59
002182,宝武镁业,12.0,1.85,19947.0,119.01
002678,珠江钢琴,4.73,3.1,19891.0,64.25
300518,新迅达,24.63,4.05,19881.0,49.12
600838,上海九百,8.54,5.8,19868.0,34.24
600872,中炬高新,18.51,1.39,19857.0,143.32
000930,中粮科技,5.15,2.07,19801.0,95.61
000552,甘肃能化,2.56,2.07,19786.0,137.01
000530,冰山冷热,5.34,6.17,19785.0,45.03
301073,君亭酒店,20.33,5.44,19700.0,39.53
600622,光大嘉宝,2.46,5.33,19679.0,36.89
000778,新兴铸管,3.71,1.36,19677.0,147.03
301153,中科江南,18.54,3.2,19662.0,65.94
002250,联化科技,15.41,1.42,19654.0,138.67
300358,楚天科技,8.45,3.29,19617.0,60.43
688291,金橙子,43.05,4.43,19565.0,44.2
000572,海马汽车,3.91,3.05,19557.0,64.31
603713,密尔克卫,63.29,1.77,19550.0,110.16
002350,北京科锐,14.58,2.53,19546.0,79.07
002347,泰尔股份,6.21,6.37,19525.0,31.34
300938,信测标准,26.14,2.52,19498.0,89.1
300839,博汇股份,12.64,5.42,19492.0,36.42
002843,泰嘉股份,16.2,4.8,19478.0,40.78
600395,盘江股份,5.36,1.69,19448.0,115.06
002559,亚威股份,8.87,4.28,19445.0,56.93
301248,杰创智能,56.0,3.09,19438.0,86.07
300098,高新兴,4.49,2.81,19435.0,78.03
300588,熙菱信息,25.34,4.33,19419.0,48.52
688620,安凯微,15.37,3.21,19361.0,60.25
300351,永贵电器,14.67,5.01,19352.0,57.05
603082,北自科技,43.85,10.88,19344.0,73.04
688806,泰诺麦博-U,23.04,16.44,19329.0,106.11
002183,怡 亚 通,4.35,1.71,19312.0,112.97
000736,中交发展,4.71,5.49,19312.0,35.19
002961,瑞达期货,20.35,1.99,19310.0,97.06
300649,杭州园林,28.67,6.6,19249.0,37.96
300440,运达科技,19.66,2.22,19245.0,86.88
603612,索通发展,16.97,2.28,19242.0,84.53
300084,海默科技,10.93,3.5,19231.0,59.98
600078,澄星股份,10.77,2.69,19219.0,73.2
300345,华民股份,7.46,5.36,19218.0,43.37
301633,港迪技术,66.25,11.35,19179.0,36.89
301556,托普云农,64.94,10.01,19166.0,55.38
300910,瑞丰新材,29.49,2.42,19164.0,112.96
688691,灿芯股份,61.2,4.29,19157.0,73.44
002448,中原内配,11.66,2.83,19153.0,68.61
300041,回天新材,10.96,3.21,19142.0,61.31
301078,孩子王,7.29,2.08,19140.0,92.19
300222,科大智能,10.09,2.9,19074.0,78.93
603583,捷昌驱动,26.22,1.9,19071.0,101.15
600649,城投控股,4.06,1.88,19065.0,101.17
603178,圣龙股份,17.5,4.6,19049.0,41.37
002541,鸿路钢构,20.65,1.8,19020.0,145.47
300563,神宇股份,23.16,6.47,18983.0,42.18
000025,特  力Ａ,15.4,3.14,18981.0,66.38
000978,桂林旅游,6.62,6.12,18972.0,30.99
301313,凡拓数创,32.49,7.42,18970.0,33.25
603997,继峰股份,11.43,1.3,18965.0,145.42
300654,世纪天鸿,10.22,5.26,18945.0,37.42
002214,大立科技,16.65,2.38,18943.0,99.68
301045,天禄科技,61.36,3.39,18876.0,67.69
001210,金房能源,28.14,5.03,18874.0,61.78
600616,金枫酒业,4.62,6.1,18867.0,30.91
605287,德才股份,38.36,3.51,18859.0,53.7
002488,金固股份,8.21,2.5,18850.0,81.73
301568,思泰克,65.9,5.98,18834.0,68.05
605178,时空科技,65.11,2.92,18820.0,64.51
001298,好上好,18.0,2.56,18807.0,77.85
002040,南 京 港,8.98,4.3,18765.0,43.65
300788,中信出版,25.58,3.85,18742.0,48.64
603391,力聚热能,70.48,11.68,18727.0,64.14
600650,锦江在线,11.15,4.3,18714.0,61.5
300739,明阳电路,22.19,2.78,18667.0,82.87
688207,格灵深瞳,17.2,4.19,18653.0,44.54
601011,宝泰隆,2.9,3.36,18645.0,55.55
001222,源飞宠物,16.1,10.24,18620.0,30.73
002380,科远智慧,29.17,4.49,18606.0,70.01
000957,中通客车,10.39,3.01,18573.0,61.6
002097,山河智能,7.48,2.31,18502.0,80.38
605167,利柏特,16.05,2.26,18493.0,81.84
603163,圣晖集成,76.2,2.42,18474.0,76.2
300397,天和防务,10.96,4.13,18468.0,56.73
300865,大宏立,32.96,9.01,18447.0,31.54
603662,柯力传感,50.25,1.31,18443.0,141.12
002928,华夏航空,6.43,2.24,18418.0,82.19
002197,证通电子,7.07,4.86,18367.0,43.44
688419,耐科装备,47.1,3.4,18337.0,53.95
000948,南天信息,14.49,3.25,18334.0,56.49
300632,光莆股份,17.15,4.7,18326.0,52.34
300689,澄天伟业,55.4,3.24,18279.0,64.04
688798,艾为电子,63.58,2.12,18276.0,148.22
301234,五洲医疗,107.0,4.23,18270.0,72.76
000035,中国天楹,4.83,1.63,18252.0,115.34
603232,格尔软件,15.94,4.95,18244.0,37.07
603668,天马科技,11.93,3.02,18212.0,60.34
300571,平治信息,28.92,5.44,18187.0,40.35
002264,新 华 都,6.92,4.04,18183.0,49.81
603819,神力股份,17.02,4.91,18181.0,37.06
301079,邵阳液压,29.56,7.98,18150.0,32.06
600791,京能置业,7.28,5.51,18149.0,32.97
300151,昌红科技,15.57,3.16,18141.0,82.91
003006,百亚股份,14.66,2.89,18134.0,62.99
603137,恒尚节能,20.11,4.92,18114.0,36.79
300062,中能电气,6.39,6.18,18104.0,40.25
603383,顶点软件,29.25,3.01,18076.0,60.07
601133,柏诚股份,23.28,1.48,18017.0,122.49
603496,恒为科技,22.36,2.51,18000.0,71.6
300619,金银河,27.21,3.47,17995.0,61.55
688006,杭可科技,20.53,1.45,17985.0,123.93
002366,融发核电,5.84,1.66,17985.0,121.53
002303,美盈森,5.21,3.23,17977.0,79.78
300855,图南股份,35.77,1.72,17973.0,141.48
000031,大悦城,2.3,1.82,17968.0,98.59
300861,美畅股份,16.17,2.63,17965.0,108.64
300050,世纪鼎利,6.85,4.81,17933.0,37.32
002063,远光软件,5.57,1.82,17921.0,106.69
300426,华智数媒,7.16,6.24,17870.0,32.25
600881,亚泰集团,1.86,2.97,17867.0,60.12
300093,金刚光伏,23.39,2.74,17861.0,129.34
688382,益方生物-U,19.49,1.58,17843.0,112.96
600310,广西能源,4.48,2.72,17837.0,65.66
603261,立航科技,57.72,3.98,17802.0,44.74
600736,苏州高新,6.72,2.3,17776.0,77.37
301176,逸豪新材,42.7,2.53,17709.0,72.19
301257,普蕊斯,38.4,6.12,17699.0,30.34
002268,电科网安,14.22,1.47,17643.0,120.25
300486,东杰智能,18.41,2.01,17637.0,87.84
300435,中泰股份,16.91,2.83,17634.0,65.22
300696,爱乐达,21.83,2.95,17612.0,64.23
688679,通源环境,41.25,3.24,17608.0,54.32
002953,日丰股份,10.5,5.96,17596.0,51.62
300941,创识科技,16.26,8.52,17570.0,33.29
603888,新华网,16.56,1.43,17541.0,122.91
301031,中熔电气,94.76,1.61,17541.0,138.5
002562,兄弟科技,4.97,4.34,17539.0,56.8
688088,虹软科技,30.18,1.45,17533.0,121.07
600684,珠江股份,3.66,5.6,17506.0,40.48
300057,万顺新材,6.41,3.29,17504.0,64.33
688062,迈威生物-U,27.42,2.77,17498.0,122.49
002254,泰和新材,12.73,1.62,17493.0,108.4
688653,康希通信,13.47,4.1,17456.0,57.18
603317,天味食品,13.55,1.21,17427.0,143.91
603105,芯能科技,7.93,4.39,17404.0,39.65
301132,满坤科技,38.58,4.76,17397.0,57.13
688073,毕得医药,58.59,3.27,17395.0,53.25
688669,聚石化学,69.98,2.05,17371.0,84.91
002544,普天科技,15.96,1.6,17367.0,108.61
600882,妙可蓝多,21.17,1.61,17329.0,107.64
600216,浙江医药,12.68,1.44,17312.0,121.94
002643,万润股份,12.6,1.52,17305.0,115.4
688112,鼎阳科技,64.61,1.68,17291.0,103.12
603155,新亚强,13.47,2.8,17291.0,61.68
300197,节能铁汉,2.0,2.92,17289.0,59.31
002915,中欣氟材,18.06,3.18,17260.0,60.55
300777,中简科技,22.63,1.77,17244.0,99.51
688698,伟创电气,41.02,1.95,17239.0,88.21
603803,瑞斯康达,10.8,3.75,17230.0,45.89
301061,匠心家居,38.0,2.4,17222.0,108.07
603336,宏辉果蔬,9.14,3.09,17197.0,55.64
603380,易德龙,33.22,3.23,17191.0,53.3
603297,永新光学,107.55,1.44,17169.0,119.09
300622,博士眼镜,15.84,4.91,17160.0,50.53
600572,康恩贝,4.39,1.54,17150.0,111.44
002847,盐津铺子,45.45,1.55,17126.0,122.8
002534,西子洁能,16.3,1.27,17116.0,136.26
600877,电科芯片,12.02,1.2,17107.0,142.32
600604,市北高新,4.86,2.5,17093.0,91.04
300580,贝斯特,18.95,1.91,17092.0,95.19
002029,七 匹 狼,8.99,2.85,17076.0,63.38
688321,微芯生物,25.18,1.53,17044.0,111.53
301349,信德新材,42.23,4.65,17033.0,60.18
300006,莱美药业,5.37,3.0,17031.0,56.7
688699,明微电子,57.18,2.71,17026.0,62.93
600488,津药药业,5.15,3.03,17021.0,56.23
300600,国瑞科技,11.0,5.24,16956.0,32.37
300617,安靠智电,38.28,3.19,16955.0,63.43
600481,双良节能,4.21,1.95,16947.0,86.9
003009,中天火箭,47.14,2.18,16919.0,77.65
300109,新开源,13.96,2.32,16886.0,80.53
002051,中工国际,8.54,1.61,16872.0,104.74
300925,法本信息,14.96,3.22,16839.0,64.13
002918,蒙娜丽莎,10.94,7.18,16833.0,44.72
688063,派能科技,41.77,1.64,16830.0,102.49
000758,中色股份,6.18,1.37,16813.0,122.97
002338,奥普光电,40.55,1.73,16808.0,97.32
600764,中国海防,18.71,1.26,16791.0,132.96
688371,菲沃泰,24.69,2.03,16783.0,82.83
600775,南京熊猫,9.88,2.53,16774.0,90.29
002531,天顺风能,6.2,1.51,16762.0,111.41
002698,博实股份,11.94,1.66,16738.0,122.09
000888,峨眉山Ａ,10.3,3.08,16718.0,54.27
300196,长海股份,16.28,4.15,16687.0,66.58
600866,星湖科技,4.38,2.29,16686.0,72.77
300592,华凯易佰,16.7,2.91,16685.0,65.34
300909,汇创达,55.76,2.32,16684.0,96.45
000551,创元科技,12.14,2.84,16676.0,58.85
000727,冠捷科技,2.26,1.62,16616.0,102.37
603960,克来机电,16.34,3.88,16611.0,42.84
301225,恒勃股份,54.52,6.92,16597.0,78.56
688105,诺唯赞,19.5,1.64,16583.0,100.81
688553,汇宇制药-W,11.98,2.73,16578.0,74.98
002467,二六三,4.78,2.53,16574.0,65.74
603556,海兴电力,25.2,1.35,16568.0,122.54
600756,浪潮软件,14.6,3.5,16566.0,51.05
300190,维尔利,4.07,4.31,16559.0,38.59
600230,沧州大化,14.62,2.73,16550.0,60.52
002125,湘潭电化,12.29,2.14,16550.0,77.37
300317,珈伟新能,4.12,4.84,16536.0,34.2
603458,勘设股份,9.97,5.42,16527.0,30.52
000595,新能股份,5.6,2.59,16513.0,63.76
001314,亿道信息,51.24,2.59,16495.0,73.07
600063,皖维高新,5.57,1.43,16473.0,115.25
300429,强力新材,10.9,3.61,16462.0,60.55
300078,思创智联,2.82,5.23,16418.0,31.52
300907,康平科技,50.53,3.38,16417.0,48.51
003019,宸展光电,27.48,3.45,16376.0,48.63
600234,科新发展,22.19,2.81,16346.0,58.25
300416,苏试试验,14.18,2.28,16338.0,72.11
000818,航锦科技,12.24,2.02,16306.0,80.78
301201,诚达药业,35.36,4.24,16290.0,54.71
002026,山东威达,11.44,3.23,16286.0,50.4
301563,云汉芯城,113.88,7.47,16280.0,96.4
002507,涪陵榨菜,11.35,1.24,16270.0,130.97
603393,新天然气,26.61,1.44,16245.0,112.81
300234,开尔新材,10.16,4.64,16216.0,51.12
301115,联检科技,29.2,3.72,16214.0,53.16
002057,中钢天源,8.88,2.42,16194.0,66.94
300428,立中集团,20.05,1.34,16184.0,137.46
002474,榕基软件,6.56,4.59,16175.0,40.82
300157,新锦动力,4.04,5.45,16149.0,30.92
601860,紫金银行,2.64,1.72,16144.0,96.65
002838,道恩股份,24.74,1.55,16139.0,118.36
002985,北摩高科,27.71,1.75,16095.0,91.96
300692,中赋科技,8.81,3.48,16092.0,49.54
603439,三力制药,12.23,3.26,16085.0,49.39
300819,聚杰微纤,44.53,2.68,16058.0,66.44
002702,海欣食品,5.61,6.23,16022.0,31.18
603108,润达医疗,9.87,2.68,15988.0,59.67
301590,优优绿能,75.0,8.74,15974.0,44.16
688478,晶升股份,41.55,2.78,15957.0,57.49
003026,中晶科技,27.56,4.0,15938.0,51.75
301228,实朴检测,59.59,2.22,15842.0,72.89
601789,宁波建工,4.33,3.36,15830.0,66.01
300560,中富通,17.45,4.85,15820.0,40.09
002426,胜利精密,2.67,1.85,15800.0,90.85
688479,友车科技,35.4,5.15,15776.0,71.27
600408,安泰集团,3.05,5.13,15762.0,30.71
688029,南微医学,77.81,1.08,15757.0,146.16
300299,富春股份,5.68,4.02,15725.0,39.21
603333,福华尚纬,9.92,2.55,15719.0,73.92
600605,汇通能源,28.03,2.72,15716.0,57.82
688293,奥浦迈,54.62,2.45,15697.0,77.67
002995,天地在线,18.22,7.07,15683.0,32.33
601330,绿色动力,7.92,2.0,15676.0,113.29
000829,天音控股,9.0,1.7,15673.0,92.26
301111,粤万年青,22.52,4.34,15631.0,36.03
000600,建投能源,7.46,1.92,15630.0,134.52
603007,顺景科技,5.14,4.37,15617.0,45.46
002123,梦网科技,8.24,2.63,15616.0,66.37
300490,华自科技,11.03,3.6,15599.0,43.97
001376,百通能源,11.57,6.26,15576.0,56.53
300292,吴通控股,4.28,3.25,15571.0,57.43
002107,沃华医药,6.82,3.99,15552.0,39.37
002730,电光科技,22.83,1.97,15552.0,82.66
603685,晨丰科技,27.77,2.78,15549.0,70.24
300461,田中精机,30.33,3.54,15537.0,47.78
300162,雷曼光电,7.56,6.0,15526.0,31.71
000058,深 赛 格,7.23,2.18,15511.0,89.02
300171,东富龙,14.03,1.93,15430.0,107.45
002575,群兴玩具,5.5,4.8,15426.0,33.91
301252,同星科技,36.5,3.11,15422.0,61.77
605222,起帆电缆,21.09,1.77,15419.0,87.08
002782,可立克,15.24,2.06,15378.0,75.45
002416,爱施德,9.53,1.32,15375.0,118.1
605305,中际联合,31.19,2.32,15367.0,66.28
000065,北方国际,9.79,1.47,15361.0,113.71
300697,电工合金,14.68,3.16,15356.0,63.51
600300,维维股份,3.27,2.9,15346.0,52.88
688103,国力电子,70.15,2.29,15344.0,66.86
301387,光大同创,53.94,6.66,15335.0,57.88
001227,兰州银行,2.16,1.68,15327.0,123.03
605133,嵘泰股份,24.76,2.19,15314.0,70.63
603918,金桥信息,11.34,3.7,15304.0,41.4
002829,星网宇达,21.18,4.79,15297.0,44.01
000931,中 关 村,4.53,4.49,15292.0,34.12
301682,宏明电子,104.0,5.71,15265.0,126.41
000968,蓝焰控股,7.29,2.16,15257.0,70.53
603712,七一二,11.9,1.66,15254.0,91.87
603313,梦百合,6.43,4.15,15241.0,36.69
603660,苏州科达,10.18,2.61,15185.0,58.18
002219,新里程,2.13,2.18,15177.0,73.53
603390,通达电气,11.11,3.88,15149.0,39.07
301516,中远通,16.65,12.94,15122.0,46.74
300871,回盛生物,23.17,3.23,15091.0,46.75
600268,国电南自,10.58,1.4,15085.0,107.45
300700,岱勒新材,19.25,2.2,15084.0,76.43
605128,上海沿浦,25.47,1.89,15083.0,79.97
605123,派克新材,81.47,1.53,15083.0,98.72
603758,秦安股份,11.45,3.04,15064.0,49.59
300075,数字政通,10.99,2.61,15060.0,68.26
600829,人民同泰,10.08,2.57,15041.0,58.45
300660,江苏雷利,24.58,1.05,15039.0,142.88
300967,晓鸣股份,17.91,6.71,15005.0,33.59
300932,三友联众,11.3,4.16,15002.0,50.64
603027,千禾味业,7.5,1.5,14981.0,99.81
688160,步科股份,97.49,1.68,14972.0,88.93
002685,华东重机,5.43,2.73,14962.0,54.72
002921,联诚精密,21.9,5.3,14943.0,32.62
000678,襄阳轴承,9.22,3.52,14937.0,42.38
603103,横店影视,15.95,1.48,14934.0,101.15
603396,金辰股份,28.86,3.72,14866.0,39.98
300618,寒锐钴业,33.15,1.65,14860.0,102.66
000922,佳电股份,12.1,1.74,14857.0,100.91
001326,联域股份,70.43,8.77,14842.0,51.55
002530,金财互联,7.53,2.78,14818.0,58.67
002805,丰元股份,17.45,3.04,14776.0,48.87
002446,盛路通信,8.17,2.13,14770.0,74.79
688226,威腾电气,28.4,2.75,14769.0,55.69
600409,三友化工,7.17,1.0,14765.0,148.01
300572,安车检测,23.72,3.43,14762.0,54.32
688337,普源精电,40.15,1.98,14756.0,87.8
002557,洽洽食品,18.95,1.54,14743.0,95.86
002888,惠威科技,22.0,8.94,14734.0,32.48
002310,东方新能,2.3,1.45,14717.0,137.98
300380,安硕信息,30.53,3.79,14714.0,49.8
002289,宇顺电子,35.66,1.5,14688.0,99.94
301119,正强股份,26.34,4.73,14682.0,38.35
300035,中科电气,12.55,1.99,14664.0,86.02
688305,科德数控,56.45,1.96,14639.0,74.83
002283,天润工业,8.17,1.77,14624.0,93.09
688079,美迪凯,14.85,2.43,14613.0,61.15
300053,航宇微,12.12,1.82,14601.0,84.46
688711,宏微科技,23.55,2.86,14577.0,51.05
603001,奥康国际,8.97,4.05,14553.0,35.97
000837,秦川机床,9.86,1.46,14551.0,100.88
688733,壹石通,28.11,2.59,14543.0,56.16
002927,泰永长征,17.33,3.8,14540.0,38.68
000785,居然智家,2.31,1.02,14517.0,143.84
600850,电科数字,14.59,1.22,14501.0,119.09
600368,五洲交通,4.34,2.07,14478.0,69.86
002150,正泰电源,20.89,1.93,14469.0,75.39
601388,怡球资源,3.4,1.93,14449.0,74.84
002324,普利特,9.01,2.06,14441.0,100.22
688788,科思科技,30.58,2.16,14439.0,66.94
600201,生物股份,12.3,1.07,14436.0,135.29
600033,福建高速,3.64,1.45,14436.0,99.9
300525,博思软件,8.34,2.81,14436.0,62.69
300873,海晨股份,15.47,3.99,14434.0,49.85
301592,六九一二,106.5,5.8,14420.0,74.55
002277,友阿股份,6.02,1.71,14385.0,83.93
001393,维通利,41.85,7.15,14384.0,104.35
600361,创新新材,3.63,1.06,14370.0,135.5
603038,华立股份,16.12,3.32,14364.0,43.31
002707,众信旅游,5.55,2.99,14350.0,54.54
300185,通裕重工,2.7,1.38,14345.0,108.98
603919,金徽酒,17.74,1.59,14313.0,89.99
300968,格林精密,10.45,3.31,14307.0,43.2
603375,盛景微,43.4,5.17,14300.0,43.69
002334,英威腾,6.74,2.89,14300.0,55.27
301302,华如科技,22.5,4.57,14292.0,35.07
300767,震安科技,18.9,3.15,14275.0,52.22
300181,佐力药业,13.45,1.76,14275.0,94.34
688307,中润光学,45.06,2.55,14267.0,56.0
300783,三只松鼠,17.78,2.86,14261.0,71.42
688386,泛亚微透,48.0,2.98,14256.0,47.81
688210,统联精密,32.94,2.66,14252.0,53.58
600458,时代新材,11.51,1.42,14241.0,109.59
002006,精工科技,13.5,2.03,14241.0,70.16
002047,宝鹰股份,3.43,2.74,14238.0,52.01
301380,挖金客,32.81,5.27,14233.0,33.27
300772,运达股份,9.26,2.2,14205.0,72.86
002329,皇氏集团,3.89,5.6,14203.0,32.38
301509,金凯生科,29.36,8.52,14200.0,35.36
688373,盟科药业-U,5.55,3.9,14196.0,36.42
603230,内蒙新华,9.8,4.09,14170.0,34.65
603927,中科软,14.01,1.21,14133.0,116.43
603113,金能科技,5.6,2.97,14127.0,47.52
688789,宏华数科,42.5,1.84,14110.0,76.61
002588,史丹利,8.08,2.03,14086.0,93.07
600971,恒源煤电,8.94,1.31,14071.0,107.28
300680,隆盛科技,19.77,3.14,14071.0,58.15
301179,泽宇智能,19.97,2.96,14058.0,80.76
301155,海力风电,37.11,3.04,14049.0,80.67
002348,高乐股份,10.84,1.43,14027.0,107.66
600855,航天长峰,13.02,2.3,14026.0,61.0
600399,抚顺特钢,4.48,1.59,14020.0,88.35
600645,中源协和,18.62,1.61,13983.0,87.13
001288,运机集团,28.74,3.2,13983.0,67.18
603285,键邦股份,31.43,7.14,13979.0,50.29
603666,亿嘉和,25.68,2.64,13953.0,52.78
301002,崧盛股份,28.04,5.66,13944.0,37.84
688646,逸飞激光,75.58,3.04,13943.0,71.17
300046,台基股份,24.18,2.44,13929.0,57.19
600113,浙江东日,29.71,1.14,13910.0,122.24
603589,口子窖,19.4,1.2,13899.0,116.04
301210,金杨精密,25.34,8.9,13884.0,40.84
600222,太龙药业,8.5,2.92,13876.0,47.55
001229,魅视科技,35.35,5.32,13869.0,50.7
300522,世名科技,13.1,4.0,13809.0,42.24
000524,岭南控股,10.19,2.02,13804.0,68.29
002406,远东传动,6.84,3.58,13777.0,49.95
600797,浙大网新,6.96,1.93,13773.0,71.52
688663,新风光,54.38,1.28,13762.0,107.26
300901,中胤时尚,19.24,2.98,13754.0,46.18
600123,兰花科创,7.05,1.32,13740.0,103.86
688552,航天南湖,31.93,1.27,13718.0,107.68
001266,宏英智能,33.52,7.03,13712.0,34.74
002403,爱仕达,11.28,4.09,13699.0,38.42
688550,瑞联新材,36.27,2.14,13695.0,63.86
600513,联环药业,15.57,3.08,13695.0,44.45
002697,红旗连锁,4.75,2.51,13691.0,64.6
301137,哈焊华通,32.7,2.3,13689.0,59.45
300393,中来股份,6.08,2.38,13684.0,66.25
603630,拉芳家化,14.61,4.16,13681.0,32.9
002605,姚记科技,17.36,2.33,13673.0,72.52
002560,通达股份,6.22,3.47,13666.0,45.73
688010,福光股份,25.1,3.39,13655.0,40.3
002161,远 望 谷,6.98,2.64,13651.0,51.64
000889,中嘉博创,3.99,3.93,13625.0,37.36
300337,银邦股份,9.87,1.94,13624.0,81.13
688551,科威尔,36.88,3.39,13609.0,40.2
002989,中天精装,22.95,3.0,13606.0,46.27
300026,红日药业,3.3,1.37,13585.0,99.14
300219,鸿利智汇,7.03,2.73,13581.0,49.77
300590,移为通信,11.03,3.44,13571.0,50.98
002746,仙坛股份,6.76,2.83,13565.0,58.17
301056,森赫股份,14.8,5.21,13558.0,39.48
600814,杭州解百,7.2,2.56,13556.0,52.93
603328,依顿电子,10.48,1.29,13528.0,104.64
002627,三峡旅游,7.19,2.69,13526.0,50.74
603669,灵康药业,5.22,3.63,13510.0,37.18
600037,歌华有线,7.06,1.37,13504.0,98.26
600280,中央商场,3.12,3.83,13499.0,35.2
300045,华力创通,12.1,2.13,13491.0,80.18
600694,大商股份,14.9,2.39,13489.0,56.44
688636,智明达,20.41,3.8,13483.0,35.49
300841,康华生物,50.94,2.18,13471.0,66.19
600373,中文传媒,7.42,1.35,13462.0,99.97
301026,浩通科技,20.76,4.05,13442.0,46.0
301226,祥明智能,32.25,3.83,13441.0,35.09
600746,江苏索普,7.15,1.61,13403.0,83.5
300573,兴齐眼药,37.59,1.31,13396.0,133.41
300149,睿智医药,8.93,3.11,13391.0,45.1
000501,武商集团,7.55,2.3,13325.0,58.06
688351,微电生理,18.42,1.54,13306.0,86.68
301348,蓝箭电子,21.03,3.27,13288.0,50.47
002003,伟星股份,12.23,1.05,13287.0,145.4
000797,中国武夷,2.58,3.28,13274.0,40.53
605136,丽人丽妆,8.7,3.81,13263.0,34.84
603095,越剑智能,15.28,3.36,13256.0,39.46
002009,天奇股份,16.3,2.29,13241.0,65.56
601828,美凯龙,2.2,1.66,13223.0,95.78
300890,翔丰华,25.86,4.67,13192.0,30.92
300582,英飞特,11.47,5.08,13187.0,34.24
688182,灿勤科技,26.5,1.24,13185.0,106.0
000608,阳光股份,7.36,3.1,13176.0,55.19
600757,长江传媒,7.33,1.48,13175.0,88.96
600156,华升股份,8.68,3.77,13173.0,34.9
300586,美联新材,8.98,2.74,13159.0,63.87
688697,纽威数控,15.08,1.36,13158.0,96.55
301051,信濠光电,17.49,3.33,13141.0,49.72
600496,精工钢构,3.34,1.97,13106.0,66.47
688799,华纳药厂,50.02,1.96,13090.0,66.85
603505,金石资源,15.33,1.01,13088.0,129.03
300488,恒锋工具,31.22,2.58,13076.0,59.7
605286,同力天启,25.79,3.01,13062.0,43.33
605060,联德股份,40.98,1.33,13054.0,98.59
600908,无锡银行,5.81,1.12,13053.0,127.51
300530,领湃科技,21.47,3.53,13033.0,36.92
300473,德尔股份,26.65,3.19,13018.0,46.01
603725,天安新材,10.54,4.05,13014.0,32.13
300051,琏升科技,8.22,4.3,12991.0,30.58
688083,中望软件,51.75,1.48,12985.0,87.79
000006,深振业Ａ,7.01,1.37,12975.0,94.63
300710,万隆光电,31.16,5.58,12971.0,31.0
688173,希荻微,12.62,2.5,12958.0,52.41
600755,厦门国贸,5.77,1.05,12936.0,123.03
603360,百傲化学,13.03,1.4,12927.0,92.02
600198,大唐电信,7.54,1.32,12927.0,98.29
002907,华森制药,14.49,2.63,12923.0,60.51
300836,佰奥智能,48.75,4.17,12909.0,45.18
600054,黄山旅游,11.54,2.17,12856.0,84.17
301003,江苏博云,60.55,2.82,12852.0,58.81
600328,中盐化工,6.39,1.37,12842.0,93.7
002798,帝欧水华,6.62,3.75,12821.0,38.89
688693,锴威特,72.52,4.54,12803.0,53.44
600984,建设机械,3.71,2.74,12791.0,46.64
002577,雷柏科技,19.3,2.36,12760.0,54.17
301261,恒工精密,56.25,2.17,12756.0,59.33
002533,金杯电工,11.26,1.75,12754.0,82.64
603798,康普顿,14.27,3.48,12718.0,36.6
002451,摩恩电气,7.75,3.74,12712.0,34.15
605566,福莱蒽特,28.34,3.36,12710.0,37.79
002111,威海广泰,10.04,2.59,12702.0,53.41
000049,德赛电池,23.13,1.43,12675.0,88.97
301381,赛维时代,23.15,1.35,12670.0,94.1
002724,海洋王,6.86,3.26,12667.0,52.92
300411,金盾股份,8.43,4.86,12667.0,34.27
300137,先河环保,11.16,2.15,12642.0,59.88
605100,华丰股份,32.56,1.63,12642.0,77.83
600819,耀皮玻璃,5.98,2.68,12634.0,58.41
688068,热景生物,94.3,1.44,12613.0,87.47
002239,奥特佳,2.55,1.51,12601.0,89.59
300434,金石亚药,10.99,3.34,12598.0,44.15
605319,无锡振华,26.23,1.38,12583.0,91.83
002062,宏润建设,8.3,1.34,12549.0,102.69
000099,中信海直,13.87,1.17,12542.0,107.6
002038,双鹭药业,5.88,2.5,12540.0,60.41
688326,经纬恒润-W,61.62,1.82,12508.0,73.9
002967,广电计量,17.67,1.17,12502.0,113.02
300270,中威电子,11.01,3.75,12495.0,33.34
300737,科顺股份,4.85,2.9,12473.0,53.85
300550,和仁科技,13.73,3.46,12464.0,36.05
300307,慈星股份,7.34,2.15,12458.0,58.76
688609,九联科技,8.81,2.83,12452.0,45.98
603166,福达股份,11.06,1.76,12444.0,71.41
301060,兰卫医学,10.44,3.3,12427.0,41.81
688216,气派科技,29.91,3.91,12426.0,34.22
300200,高盟新材,8.67,3.37,12420.0,37.37
300250,初灵信息,16.1,4.89,12410.0,34.41
603226,菲林格尔,34.48,1.01,12386.0,122.57
605366,宏柏新材,7.89,2.03,12375.0,60.98
605016,百龙创园,22.25,1.32,12372.0,93.45
600740,山西焦化,3.88,1.24,12361.0,99.41
301172,君逸数码,17.86,4.16,12352.0,40.15
002034,旺能环境,14.83,1.62,12349.0,76.63
002668,TCL智家,9.27,1.23,12340.0,100.5
600789,鲁抗医药,7.58,1.61,12337.0,79.23
300690,双一科技,23.55,4.69,12313.0,38.94
600449,宁夏建材,12.57,2.05,12309.0,60.11
300668,杰恩股份,31.91,3.87,12301.0,38.41
300721,怡达股份,21.66,4.1,12293.0,35.71
000526,学大教育,37.14,2.72,12293.0,45.26
300148,天舟文化,3.59,4.06,12289.0,30.27
600133,东湖高新,8.43,1.37,12277.0,89.88
000701,厦门信达,5.27,3.49,12264.0,35.22
300036,超图软件,10.6,2.6,12251.0,52.23
002571,德力股份,11.63,3.53,12237.0,45.58
002186,全 聚 德,9.96,4.0,12213.0,30.57
600501,航天晨光,15.07,1.89,12213.0,64.47
300596,利安隆,41.0,1.3,12207.0,94.14
002839,张家港行,4.41,1.13,12194.0,107.8
688230,芯导科技,59.75,1.74,12193.0,70.27
300100,双林股份,20.99,1.04,12189.0,121.53
301108,洁雅股份,38.6,4.86,12172.0,43.45
300905,宝丽迪,35.38,2.47,12158.0,63.34
300127,银河磁体,24.26,2.15,12137.0,78.4
301397,溯联股份,24.52,5.35,12133.0,49.57
002628,成都路桥,5.18,3.1,12132.0,39.22
600769,祥龙电业,14.89,2.17,12131.0,55.83
300921,南凌科技,15.91,4.71,12128.0,40.85
688115,思林杰,58.9,2.21,12128.0,54.98
301315,威士顿,41.02,3.66,12123.0,36.1
002522,浙江众成,5.19,2.58,12119.0,47.01
603217,元利科技,29.0,2.01,12110.0,60.35
301177,迪阿股份,24.47,1.24,12105.0,97.95
301365,矩阵股份,38.81,2.53,12094.0,70.8
002578,闽发铝业,4.18,3.36,12093.0,39.23
688486,龙迅股份,40.47,1.6,12082.0,75.63
688155,先惠技术,50.71,1.87,12065.0,64.58
600130,波导股份,4.57,3.52,12063.0,34.27
300276,三丰智能,6.32,1.67,12063.0,88.55
600712,南宁百货,5.77,3.88,12061.0,31.43
300231,银信科技,8.5,3.19,12052.0,37.8
002972,科安达,12.66,6.87,12051.0,31.14
301393,昊帆生物,55.73,4.92,12047.0,60.19
600470,六国化工,6.05,3.81,12025.0,31.56
300310,宜通世纪,4.46,3.34,12025.0,39.32
002332,仙琚制药,8.68,1.4,12008.0,85.86
300722,新余国科,22.47,1.93,11990.0,62.19
688590,新致软件,12.52,3.4,11983.0,39.17
301238,瑞泰新材,15.7,1.04,11982.0,115.13
301305,朗坤科技,24.39,3.95,11970.0,59.01
603777,来伊份,14.05,2.55,11959.0,46.99
300101,振芯科技,14.5,1.45,11924.0,82.35
300559,佳发教育,11.62,3.29,11907.0,46.42
600502,安徽建工,4.46,1.55,11903.0,76.56
688179,阿拉丁,18.64,1.76,11896.0,67.62
003004,声迅股份,75.25,2.3,11886.0,61.6
300072,海新能科,3.62,1.41,11867.0,85.06
301677,欣兴工具,53.01,10.44,11863.0,53.01
000936,华西股份,5.58,2.4,11848.0,49.44
688011,新光光电,77.78,1.54,11844.0,77.39
002546,新联电子,7.93,1.86,11839.0,66.14
002695,煌上煌,10.67,2.17,11837.0,59.71
300414,中光防雷,11.13,3.37,11833.0,36.29
300626,华瑞股份,26.67,2.47,11827.0,48.01
603197,保隆科技,30.27,1.85,11825.0,64.79
600719,大连热电,7.45,3.92,11811.0,30.14
000036,华联控股,3.95,2.13,11790.0,55.45
301560,众捷汽车,24.79,8.14,11788.0,30.14
002067,景兴纸业,4.12,2.14,11781.0,60.76
603931,格林达,33.33,1.77,11778.0,66.51
300492,华图山鼎,24.38,1.75,11759.0,67.12
002023,海特高新,9.71,1.63,11753.0,71.94
300188,国投智能,10.37,1.32,11745.0,89.13
000810,创维数字,9.75,1.08,11735.0,112.14
600962,国投中鲁,25.79,1.74,11735.0,67.62
000989,九芝堂,8.93,1.79,11733.0,76.44
002086,东方海洋,2.12,3.48,11671.0,41.53
000410,沈阳机床,5.32,1.11,11639.0,140.93
603088,宁波精达,10.23,2.6,11631.0,51.39
600480,凌云股份,8.23,1.16,11620.0,100.59
301180,万祥科技,12.13,5.83,11617.0,48.52
001914,招商积余,9.18,1.2,11604.0,96.73
688410,山外山,10.0,2.59,11596.0,44.74
688016,心脉医疗,87.08,1.08,11589.0,107.34
300332,天壕能源,5.03,2.83,11553.0,42.64
000503,国新健康,7.03,1.68,11544.0,68.84
000691,亚太实业,10.05,3.55,11537.0,48.73
301169,零点有数,54.38,2.94,11532.0,39.18
301363,美好医疗,16.03,1.38,11515.0,127.59
603100,川仪股份,18.91,1.19,11508.0,97.04
603681,永冠新材,18.63,2.6,11503.0,44.29
002373,千方科技,7.75,1.08,11494.0,122.46
603969,银龙股份,7.9,1.71,11490.0,68.85
301669,高特电子,26.26,5.34,11487.0,126.05
605300,佳禾食品,10.32,2.45,11486.0,46.89
300587,天铁科技,4.85,2.25,11479.0,62.97
002137,实益达,7.69,3.76,11478.0,44.41
688575,亚辉龙,10.11,1.99,11470.0,57.77
688685,迈信林,37.74,2.07,11469.0,55.42
603995,甬金股份,24.73,1.27,11462.0,89.92
600178,东安动力,10.1,2.43,11460.0,47.11
002984,森麒麟,13.76,1.17,11450.0,142.59
688117,圣诺生物,23.59,2.2,11446.0,51.98
002510,天汽模,5.72,1.97,11441.0,58.07
300770,新媒股份,35.38,1.42,11432.0,80.61
002127,南极电商,2.98,1.92,11427.0,73.16
688159,有方科技,34.8,3.54,11425.0,32.3
300698,万马科技,27.17,3.5,11414.0,36.41
603222,济民健康,8.05,2.69,11391.0,42.27
002543,万和电气,7.45,2.31,11390.0,55.4
002346,柘中股份,18.63,1.38,11383.0,82.27
002788,鹭燕医药,10.96,2.72,11381.0,42.58
301092,争光股份,43.11,4.33,11380.0,58.0
002187,广百股份,5.75,2.82,11360.0,40.3
603193,润本股份,21.84,5.03,11350.0,88.36
600592,龙溪股份,14.96,1.9,11344.0,59.77
603567,珍宝岛,5.52,2.19,11343.0,51.9
300287,飞利信,3.68,2.33,11339.0,52.82
300603,立昂技术,8.17,3.71,11332.0,37.97
688499,利元亨,32.67,2.05,11306.0,55.12
603125,常青科技,22.8,1.22,11298.0,92.3
300493,润欣科技,12.75,1.75,11286.0,65.35
600996,贵广网络,7.08,1.28,11280.0,88.27
300537,广信材料,19.41,3.83,11269.0,40.22
002572,索菲亚,7.97,1.94,11252.0,76.75
300633,开立医疗,20.2,2.14,11241.0,85.82
300880,迦南智能,21.24,2.71,11239.0,41.45
600770,综艺股份,5.08,1.7,11232.0,66.04
300678,中科信息,22.54,1.7,11230.0,66.81
300286,安科瑞,19.87,2.71,11191.0,49.83
688639,华恒生物,17.7,2.53,11189.0,44.27
600400,红豆股份,2.86,1.7,11172.0,65.53
002479,富春环保,6.05,2.14,11167.0,52.33
301058,中粮科工,8.96,2.43,11167.0,46.66
603293,埃泰克,38.44,8.28,11166.0,68.84
301330,熵基科技,25.7,2.12,11155.0,60.49
300595,欧普康视,11.04,1.51,11147.0,98.74
603069,海汽集团,13.88,2.54,11135.0,43.86
688165,埃夫特-U,15.37,1.39,11116.0,80.2
301468,博盈特焊,31.95,3.57,11113.0,54.04
688309,恒誉科技,79.69,1.76,11107.0,63.27
688045,必易微,55.28,2.85,11102.0,39.01
601177,杭齿前进,13.98,1.97,11100.0,57.0
688125,安达智能,117.36,1.15,11094.0,96.73
300478,杭州高新,29.75,2.94,11062.0,37.69
300758,七彩化学,11.39,2.7,11049.0,45.46
603507,振江股份,22.41,2.09,11046.0,53.55
002658,雪迪龙,7.8,3.94,11032.0,49.59
300040,九洲集团,5.64,3.75,11018.0,36.29
688786,悦安新材,25.09,2.53,11018.0,43.49
300105,龙源技术,7.46,2.86,11007.0,38.48
688084,晶品特装,47.71,3.05,10993.0,36.1
001236,弘业期货,8.15,1.78,10989.0,82.13
301328,维峰电子,51.31,1.86,10985.0,81.76
300508,维宏股份,39.14,3.39,10983.0,42.94
300494,盛天网络,8.53,3.23,10976.0,41.84
000710,贝瑞基因,8.75,3.74,10975.0,30.93
688591,泰凌微,28.64,1.95,10954.0,69.18
301360,荣旗科技,53.59,6.0,10952.0,37.4
605398,新炬网络,26.66,2.52,10942.0,43.38
301041,金百泽,28.88,4.79,10921.0,30.81
002795,永和智控,7.33,3.43,10908.0,32.38
300834,星辉环材,41.61,1.35,10893.0,80.6
300629,新劲刚,18.26,2.75,10873.0,45.91
300018,中元股份,11.94,2.51,10871.0,58.35
600525,长园集团,5.1,1.61,10862.0,67.26
301133,金钟股份,32.4,3.02,10860.0,39.36
688696,极米科技,83.92,1.85,10858.0,58.76
601003,柳钢股份,3.77,1.09,10849.0,99.31
301599,理奇智能,32.1,6.17,10833.0,138.54
000554,泰山石油,6.51,4.63,10833.0,31.08
300808,久量股份,22.8,3.99,10828.0,36.48
603998,方盛制药,10.8,2.28,10824.0,47.42
301042,安联锐视,31.42,3.73,10821.0,30.41
688191,智洋创新,19.98,1.65,10813.0,65.53
600727,鲁北化工,7.72,2.64,10792.0,40.81
688721,龙图光罩,37.33,5.24,10789.0,49.84
603376,大明电子,27.94,12.05,10777.0,111.76
300248,新开普,8.9,2.97,10773.0,42.4
001228,永泰运,29.86,4.51,10760.0,31.01
002686,亿利达,6.54,3.15,10757.0,37.03
600973,宝胜股份,6.07,1.29,10747.0,83.24
300504,天邑股份,17.21,2.83,10740.0,46.64
000795,英洛华,8.47,1.14,10738.0,94.55
301055,张小泉,27.02,2.6,10732.0,42.15
301190,善水科技,18.29,3.23,10731.0,39.26
300984,金沃股份,29.77,2.9,10720.0,57.29
002871,伟隆股份,19.67,3.65,10714.0,49.54
300467,迅游科技,35.06,1.83,10705.0,71.24
600509,天富能源,7.45,1.04,10688.0,102.39
000697,炼石航空,9.17,1.78,10677.0,128.02
001201,东瑞股份,12.84,3.91,10667.0,33.1
002387,维信诺,7.02,1.09,10657.0,98.06
300809,华辰装备,23.9,2.96,10654.0,60.6
002765,蓝黛科技,7.15,2.5,10654.0,46.63
002139,拓邦股份,9.33,1.07,10652.0,116.33
603185,弘元绿能,14.78,1.06,10646.0,100.96
000816,智慧农业,2.95,2.51,10646.0,42.69
002204,大连重工,5.17,1.06,10628.0,99.85
000571,新大洲A,5.94,2.2,10623.0,49.84
603903,中持股份,13.59,3.06,10621.0,34.7
600576,祥源文旅,5.74,2.8,10601.0,60.53
000950,重药控股,5.32,1.16,10591.0,91.12
002626,金达威,16.7,1.04,10577.0,101.86
002121,科陆电子,4.92,1.52,10572.0,82.29
002210,飞马国际,2.27,1.75,10557.0,60.41
002427,尤夫股份,4.92,2.18,10553.0,48.48
600336,澳柯玛,6.62,1.99,10515.0,52.83
000695,滨海能源,14.49,3.26,10464.0,33.58
300241,瑞丰光电,5.86,2.97,10452.0,42.0
002228,合兴包装,3.22,2.68,10448.0,39.07
688588,凌志软件,9.72,2.76,10444.0,37.91
603151,邦基科技,18.13,3.36,10431.0,31.05
002846,英联股份,11.03,3.48,10413.0,46.33
603956,威派格,6.09,3.0,10405.0,34.71
301197,工大科雅,27.1,3.52,10387.0,32.67
603682,锦和商管,10.63,2.06,10366.0,50.23
301263,泰恩康,19.6,1.45,10350.0,100.08
300121,阳谷华泰,9.54,2.53,10350.0,42.48
002392,北京利尔,7.87,1.14,10342.0,93.69
600571,信雅达,11.03,2.05,10337.0,51.43
002154,报 喜 鸟,4.1,2.14,10336.0,59.83
002960,青鸟智控,8.77,1.22,10331.0,92.41
300812,易天股份,18.92,3.06,10310.0,37.1
600351,亚宝药业,6.66,2.24,10309.0,46.09
002263,大东南,3.15,1.74,10308.0,59.17
301531,春光集团,46.34,4.74,10304.0,101.82
300159,新研股份,3.06,1.83,10297.0,100.69
300203,聚光科技,12.57,1.83,10297.0,56.41
301211,亨迪药业,11.6,2.12,10281.0,48.44
603817,海峡环保,5.86,3.08,10278.0,33.41
301371,敷尔佳,21.68,6.08,10277.0,112.76
002256,兆新股份,3.3,1.55,10275.0,67.34
301025,读客文化,9.73,3.81,10274.0,38.95
688408,中信博,23.86,1.96,10266.0,52.27
301076,新瀚新材,21.75,3.09,10245.0,49.63
300933,中辰股份,6.67,2.81,10242.0,36.49
688376,美埃科技,62.35,1.21,10214.0,84.33
605208,永茂泰,14.72,2.1,10180.0,48.57
603679,华体科技,21.61,2.65,10163.0,38.4
301408,华人健康,14.4,3.08,10158.0,57.6
300805,电声股份,8.56,3.95,10148.0,36.33
002218,拓日新能,3.98,1.84,10143.0,56.05
600163,中闽能源,5.26,1.01,10133.0,100.1
300749,顶固集创,25.62,2.51,10131.0,52.56
603665,康隆达,22.22,2.85,10125.0,35.59
002976,瑞玛精密,23.64,3.51,10113.0,46.01
688091,上海谊众,40.56,1.2,10102.0,83.84
301600,慧翰股份,84.37,3.71,10099.0,88.19
600728,佳都科技,4.74,1.0,10084.0,101.09
301589,诺瓦星云,144.0,2.03,10080.0,133.13
688133,泰坦科技,21.11,2.9,10079.0,34.71
603211,晋拓股份,20.78,1.78,10077.0,56.48
603519,立霸股份,15.6,2.42,10062.0,41.55
002758,浙农股份,8.88,2.19,10062.0,46.07
300541,先进数通,10.14,2.56,10059.0,43.61
002369,卓翼科技,6.18,2.87,10046.0,35.04
605189,富春染织,13.84,3.04,10029.0,32.97
603703,盛洋科技,10.21,2.37,10022.0,42.37
600640,国脉文化,11.21,1.13,10000.0,88.73
002900,哈三联,12.24,4.12,9973.0,38.72
301162,国能日新,37.6,2.19,9965.0,70.21
001285,瑞立科密,44.4,5.41,9962.0,80.16
600129,太极集团,13.8,1.31,9959.0,76.1
603279,景津装备,11.36,1.52,9959.0,65.48
300711,广哈通信,18.13,2.21,9952.0,50.84
603861,白云电器,11.69,1.61,9933.0,63.19
603315,福鞍股份,11.71,2.65,9931.0,37.51
300451,创业慧康,3.52,1.84,9921.0,54.53
300756,金马游乐,30.3,1.71,9919.0,66.85
300424,航新科技,13.86,2.79,9914.0,35.57
002216,三全食品,11.95,1.32,9913.0,105.06
002810,山东赫达,21.54,1.42,9904.0,74.96
688253,英诺特,57.09,1.26,9884.0,78.2
600477,杭萧钢构,2.48,1.69,9884.0,58.5
601599,浙文影业,3.3,2.58,9881.0,38.3
600825,新华传媒,5.31,1.78,9867.0,55.48
300980,祥源新材,23.46,4.2,9859.0,32.39
688039,当虹科技,34.05,2.62,9857.0,37.66
301398,星源卓镁,35.7,2.53,9856.0,39.98
300168,万达信息,4.98,1.37,9852.0,71.74
002075,沙钢股份,3.7,1.21,9842.0,81.17
600212,绿能慧充,6.37,2.25,9831.0,44.85
603701,德宏股份,20.4,1.84,9821.0,53.32
002986,宇新股份,13.52,2.4,9809.0,51.39
300715,凯伦股份,14.2,2.16,9805.0,53.68
300246,宝莱特,14.99,3.09,9803.0,39.67
600478,科力远,4.76,1.22,9801.0,80.63
002941,新疆交建,10.98,1.22,9799.0,80.13
301678,新恒汇,44.15,1.6,9789.0,105.76
002164,宁波东力,10.73,1.9,9785.0,57.1
688215,瑞晟智能,47.0,2.3,9774.0,42.47
603499,翔港科技,13.73,1.68,9769.0,58.16
301596,瑞迪智驱,46.49,4.79,9766.0,50.22
002752,昇兴股份,6.2,1.61,9766.0,60.57
300989,蕾奥规划,14.7,4.07,9747.0,30.95
300021,大禹节水,4.09,2.73,9744.0,41.81
002669,康达新材,11.75,2.74,9740.0,35.65
301193,家联科技,19.76,2.67,9734.0,47.6
001388,信通电子,21.02,3.7,9728.0,49.14
002301,齐心集团,7.99,1.69,9718.0,57.85
301246,宏源药业,18.23,3.08,9707.0,72.92
603406,天富龙,29.45,5.61,9698.0,117.8
301161,唯万密封,28.51,4.4,9685.0,34.21
600152,维科技术,8.08,2.27,9684.0,42.75
600743,华远控股,2.13,1.93,9666.0,49.97
001212,中旗新材,33.51,1.59,9638.0,67.34
002108,沧州明珠,4.34,1.35,9628.0,71.55
300233,金城医药,13.12,1.97,9620.0,50.36
000514,渝 开 发,4.26,2.67,9613.0,35.94
301322,绿通科技,39.45,2.53,9605.0,56.28
002221,东华能源,5.83,1.13,9600.0,91.89
300539,横河精密,17.74,2.48,9600.0,47.56
301202,朗威股份,35.94,3.35,9598.0,49.02
688069,德林海,38.42,1.59,9596.0,60.18
300055,万邦达,5.96,2.54,9593.0,49.87
603344,星德胜,24.16,7.34,9585.0,47.0
301007,德迈仕,30.8,2.05,9577.0,47.23
001268,联合精密,24.76,4.1,9577.0,37.31
600963,岳阳林纸,3.43,1.59,9571.0,60.28
601121,宝地矿业,7.24,1.65,9563.0,71.26
605303,园林股份,24.76,2.39,9559.0,39.92
600405,动力源,5.05,3.09,9559.0,30.95
300056,中创环保,8.66,2.87,9556.0,33.38
600262,北方股份,15.48,2.59,9555.0,36.84
603199,九华旅游,34.09,2.53,9550.0,37.73
603600,永艺股份,10.4,2.78,9541.0,34.37
301528,多浦乐,58.78,3.51,9530.0,52.76
300267,尔康制药,3.23,2.07,9530.0,66.62
603013,亚普股份,14.81,1.27,9528.0,75.27
300271,华宇软件,5.84,2.03,9512.0,47.41
000782,恒申新材,7.5,2.4,9508.0,51.49
301256,华融化学,10.33,1.92,9505.0,49.58
600880,博瑞传播,4.11,2.11,9494.0,44.94
000720,新能泰山,3.82,1.98,9489.0,48.0
688212,澳华内镜,30.86,2.28,9481.0,41.56
300847,中船汉光,14.38,2.23,9478.0,42.57
300464,星徽股份,7.77,3.43,9477.0,36.31
000517,荣安地产,2.19,1.73,9467.0,69.73
300119,瑞普生物,17.69,1.58,9462.0,82.22
002791,坚朗五金,15.04,2.96,9462.0,53.22
003030,祖名股份,24.74,4.69,9461.0,30.87
603988,中电电机,19.35,2.08,9451.0,45.51
301538,骏鼎达,40.93,5.28,9444.0,44.92
603637,镇海股份,14.68,2.68,9404.0,35.04
301209,联合化学,57.5,1.22,9404.0,90.16
600017,日照港,2.85,1.07,9402.0,87.66
600868,梅雁吉祥,2.81,1.76,9395.0,53.34
600979,广安爱众,3.96,1.9,9356.0,49.56
002866,传艺科技,14.37,3.54,9348.0,41.6
300878,维康药业,33.53,1.93,9345.0,48.55
002793,罗欣药业,4.77,1.8,9329.0,51.88
002728,特一药业,8.97,2.07,9324.0,46.04
301667,纳百川,58.82,6.67,9312.0,65.68
603901,永创智能,9.88,1.65,9301.0,56.98
600138,中青旅,7.32,1.75,9297.0,52.99
300973,立高食品,27.08,2.89,9284.0,45.86
688648,中邮科技,33.43,3.99,9270.0,45.46
001382,新亚电缆,17.23,8.53,9256.0,70.99
000550,江铃汽车,17.19,1.04,9256.0,148.39
603121,华培动力,13.35,2.05,9254.0,45.19
301281,科源制药,46.76,2.78,9236.0,50.64
002930,宏川智慧,9.49,2.25,9234.0,43.46
688289,圣湘生物,15.98,1.0,9227.0,91.88
300656,民德电子,24.87,2.74,9212.0,42.56
301149,隆华新材,8.54,3.17,9211.0,47.74
301479,弘景光电,47.74,2.7,9206.0,59.46
300481,濮阳惠成,13.91,2.28,9198.0,40.6
600094,大名城,3.97,1.09,9195.0,92.3
002358,森源电气,5.38,1.83,9176.0,50.02
000509,华塑控股,3.53,2.42,9156.0,37.88
688345,博力威,52.61,1.72,9153.0,53.6
300134,大富科技,8.61,1.38,9140.0,66.08
603977,国泰集团,11.8,1.25,9137.0,73.31
300648,星云股份,39.91,1.69,9133.0,69.56
300523,辰安科技,20.96,1.87,9131.0,48.76
600782,新钢股份,2.8,1.03,9115.0,89.15
603607,京华激光,22.01,2.32,9106.0,39.29
002434,万里扬,5.82,1.19,9106.0,76.39
688050,爱博医疗,39.33,1.19,9089.0,76.08
300506,名家汇,5.0,2.39,9081.0,71.28
002189,中光学,19.84,1.75,9044.0,51.82
300931,通用电梯,15.09,3.06,9037.0,36.69
300685,艾德生物,17.13,1.35,9033.0,66.83
688811,有研复材,20.06,4.88,9016.0,100.64
603212,赛伍技术,11.15,1.85,9012.0,48.78
002919,名臣健康,18.13,1.88,9007.0,48.25
000886,海南高速,4.78,1.92,8996.0,47.27
002878,元隆雅图,13.07,2.91,8982.0,34.24
688136,科兴制药,20.34,2.18,8969.0,41.08
300132,诺斯贝尔,6.36,2.77,8965.0,32.85
003041,真爱美家,39.5,1.66,8954.0,56.88
300158,振东制药,5.28,1.71,8952.0,52.39
300039,上海凯宝,5.37,1.82,8947.0,56.17
603223,恒通股份,10.29,1.23,8942.0,72.63
300215,电科院,6.48,1.84,8939.0,48.54
301658,首航新能,22.33,4.11,8936.0,92.08
002135,东南网架,6.23,1.37,8921.0,69.5
002099,海翔药业,5.41,1.02,8920.0,87.57
688418,震有科技,31.45,1.47,8907.0,60.56
605007,五洲特纸,14.81,1.27,8906.0,70.46
600798,宁波海运,3.37,2.19,8899.0,40.66
603169,兰石重装,6.61,1.03,8898.0,86.35
600073,光明肉业,5.78,1.64,8876.0,54.2
002876,三利谱,29.7,2.0,8867.0,51.64
300591,万里马,7.46,3.39,8861.0,30.26
688583,思看科技,80.3,2.55,8836.0,99.38
301279,金道科技,23.07,2.92,8803.0,38.88
000848,承德露露,8.42,1.03,8800.0,85.88
300324,旋极信息,3.58,1.43,8785.0,61.85
300578,会畅科技,16.5,2.68,8766.0,32.71
603135,中重科技,9.01,1.54,8745.0,57.15
688320,禾川科技,32.69,1.77,8732.0,49.37
688656,浩欧博,104.48,1.31,8727.0,66.36
603767,中马传动,14.15,2.0,8726.0,43.67
600658,电子城,4.17,1.87,8725.0,46.64
002825,纳尔股份,9.84,3.44,8725.0,33.65
002516,旷达科技,5.41,1.1,8724.0,79.57
301449,天溯计量,42.12,10.08,8724.0,38.46
301311,昆船智能,14.04,2.58,8698.0,33.7
002012,凯恩股份,7.08,2.62,8677.0,33.11
000037,深南电A,9.33,2.74,8664.0,56.24
300810,中科海讯,25.64,2.96,8664.0,30.27
002777,久远银海,12.94,1.65,8656.0,52.83
301548,崇德科技,55.27,5.36,8651.0,48.08
688252,天德钰,20.87,1.01,8643.0,85.36
601996,丰林集团,2.82,2.73,8635.0,31.61
002004,华邦健康,4.45,1.03,8634.0,88.11
600771,广誉远,13.73,1.28,8621.0,67.21
600982,宁波能源,4.88,1.58,8614.0,54.54
605011,杭州热电,17.15,1.25,8610.0,68.62
600252,中恒集团,2.22,1.22,8609.0,70.69
301323,新莱福,67.38,1.86,8604.0,71.82
301081,严牌股份,15.92,2.41,8598.0,37.21
688238,和元生物,6.49,2.04,8592.0,42.12
300228,富瑞特装,6.92,2.22,8590.0,41.34
300256,星星科技,2.84,1.35,8589.0,64.42
002042,华孚时尚,3.92,1.29,8587.0,66.67
300343,联创股份,5.61,1.44,8583.0,59.94
300858,科拓生物,14.83,2.96,8583.0,39.08
688237,超卓航科,57.26,1.67,8582.0,51.35
300686,智动力,14.45,2.29,8574.0,37.66
001237,惠康科技,51.05,4.81,8551.0,75.73
603928,兴业股份,11.35,2.21,8543.0,38.67
000589,贵州轮胎,4.35,1.27,8540.0,67.62
001206,依依股份,16.67,4.79,8537.0,30.82
600617,国新能源,3.36,1.43,8526.0,64.82
301259,艾布鲁,21.64,2.72,8526.0,48.95
600467,好当家,2.45,2.38,8517.0,35.79
688633,星球石墨,22.93,2.18,8516.0,39.07
301178,天亿马,34.08,3.64,8515.0,31.73
002905,金逸影视,8.46,2.88,8501.0,31.84
300643,万通智控,17.77,2.07,8486.0,41.15
002066,瑞泰科技,21.59,1.7,8477.0,50.72
300471,厚普股份,9.91,2.28,8475.0,46.59
300217,东方电热,4.2,1.62,8471.0,62.08
002370,亚太药业,5.39,2.11,8467.0,40.19
301565,中仑新材,19.18,3.45,8466.0,76.72
002833,弘亚数控,18.75,1.54,8463.0,80.45
002386,天原股份,5.86,1.11,8455.0,76.28
603727,博迈科,18.17,1.65,8451.0,51.19
300683,海特生物,24.87,2.77,8421.0,32.55
603999,读者传媒,6.03,2.42,8420.0,34.73
300355,蒙草生态,2.93,1.82,8401.0,47.0
300755,华致酒行,11.49,1.75,8397.0,47.89
300963,中洲特材,11.63,2.12,8384.0,53.34
600729,重百集团,19.52,2.23,8370.0,85.98
603809,豪能股份,8.86,1.03,8358.0,81.54
300608,思特奇,10.09,2.71,8321.0,35.12
300529,健帆生物,15.56,1.04,8295.0,124.26
002339,积成电子,7.55,2.29,8289.0,38.06
300129,泰胜风能,7.37,1.56,8288.0,81.72
603367,辰欣药业,14.48,1.26,8279.0,65.56
002224,三 力 士,3.82,2.69,8272.0,34.46
688277,天智航-U,14.82,1.2,8267.0,69.13
002590,万安科技,10.03,1.66,8255.0,52.06
600189,泉阳泉,7.96,1.45,8248.0,56.93
000777,中核科技,16.99,1.27,8247.0,65.14
001311,多利科技,17.23,2.63,8231.0,69.55
002321,华英农业,2.14,1.81,8229.0,45.64
002110,三钢闽光,3.04,1.11,8222.0,73.84
601218,吉鑫科技,4.5,1.89,8220.0,43.61
301239,普瑞眼科,33.78,1.71,8187.0,50.54
002232,启明信息,14.8,1.35,8186.0,60.47
000665,湖北广电,4.16,1.73,8185.0,47.31
603726,朗迪集团,24.3,1.82,8165.0,45.09
002688,金河生物,5.28,2.07,8162.0,44.21
603131,上海沪工,14.55,1.66,8155.0,49.02
300611,美力科技,26.1,2.1,8146.0,55.09
601588,北辰实业,1.77,1.73,8143.0,59.6
603661,恒林股份,30.78,1.9,8143.0,42.8
688196,卓越新能,35.58,1.8,8139.0,45.25
002090,金智科技,9.3,2.2,8138.0,37.25
605580,恒盛能源,22.47,1.29,8133.0,62.92
003029,吉大正元,17.6,2.63,8130.0,34.08
300885,海昌新材,19.39,2.51,8130.0,48.12
002646,天佑德酒,7.19,2.37,8127.0,34.25
603043,广州酒家,13.92,1.04,8123.0,78.74
688377,迪威尔,19.0,1.83,8119.0,44.38
001369,双欣材料,12.5,3.13,8117.0,143.38
603708,家家悦,9.42,1.35,8105.0,60.13
603192,汇得科技,18.99,2.58,8098.0,31.73
301273,瑞晨环保,36.59,2.87,8096.0,36.7
300448,浩云科技,5.76,2.2,8084.0,38.97
002322,理工能科,12.76,1.8,8080.0,46.64
301327,华宝新能,43.12,1.31,8079.0,75.19
002419,天虹股份,4.78,1.48,8065.0,54.55
000650,仁和药业,5.38,1.12,8054.0,75.32
002037,保利联合,7.19,2.31,8046.0,34.79
600638,新黄浦,5.06,2.36,8038.0,34.07
603790,雅运股份,24.03,1.75,8034.0,45.98
002962,五方光电,12.82,2.99,8026.0,37.39
002564,天沃科技,4.93,1.9,8026.0,42.34
600681,百川能源,3.5,1.71,8016.0,46.93
002687,乔治白,6.18,3.13,7992.0,31.2
300801,泰和科技,21.85,2.66,7992.0,47.73
301129,瑞纳智能,23.35,5.05,7962.0,31.73
001223,欧克科技,38.63,2.95,7962.0,50.49
600780,通宝能源,6.33,1.1,7959.0,72.57
002997,瑞鹄模具,28.51,1.33,7957.0,59.68
003013,地铁设计,16.33,1.21,7949.0,74.94
300948,冠中生态,21.02,2.43,7940.0,34.55
000920,沃顿科技,11.33,1.48,7938.0,53.55
002693,双成药业,8.75,2.21,7936.0,36.29
000007,全新好,12.42,1.84,7935.0,43.03
301227,森鹰窗业,33.89,3.17,7931.0,44.55
601366,利群股份,3.8,2.17,7925.0,36.47
600125,铁龙物流,5.43,1.12,7916.0,70.89
688667,菱电电控,88.5,1.7,7915.0,46.64
688148,芳源股份,6.07,2.55,7899.0,30.97
002073,软控股份,5.85,1.33,7894.0,59.93
600195,中牧股份,6.9,1.12,7885.0,70.46
603098,森特股份,10.85,1.35,7870.0,58.54
600643,爱建集团,4.17,1.19,7870.0,66.44
603697,有友食品,9.93,1.85,7864.0,42.47
688315,诺禾致源,13.95,1.35,7855.0,58.06
688199,久日新材,22.83,2.13,7848.0,36.81
300985,致远新能,36.25,1.16,7823.0,67.61
600841,动力新科,5.8,1.29,7822.0,80.49
002307,北新路桥,3.07,1.56,7817.0,50.62
002880,卫光生物,22.2,1.55,7809.0,50.35
000915,华特达因,25.39,1.31,7800.0,59.5
002355,兴民智通,4.95,2.55,7799.0,33.09
601500,通用股份,3.96,1.24,7791.0,62.69
000525,红太阳,4.73,1.48,7787.0,61.63
002845,同兴达,13.47,2.31,7785.0,44.12
301050,雷电微力,29.06,1.09,7783.0,71.95
301608,博实结,44.11,2.96,7780.0,58.49
605218,伟时电子,14.09,2.27,7775.0,34.21
002030,达安基因,5.4,1.03,7770.0,75.79
003007,直真科技,39.2,2.72,7753.0,46.87
600322,津投城开,2.74,2.56,7743.0,30.3
300082,奥克股份,8.44,1.35,7740.0,57.4
300111,向日葵,3.08,1.95,7734.0,39.65
300284,苏交科,5.2,1.24,7732.0,65.67
002819,东方中科,21.5,1.51,7727.0,64.42
002395,双象股份,13.2,2.18,7727.0,35.4
002713,东易日盛,9.18,1.61,7725.0,87.34
300022,吉峰科技,8.05,1.94,7725.0,39.79
001230,劲旅环境,19.75,3.56,7722.0,37.09
300916,朗特智能,24.49,3.07,7720.0,35.42
000882,华联股份,1.54,1.83,7718.0,42.16
000409,云鼎科技,9.2,1.42,7708.0,62.35
688790,昂瑞微-UW,105.98,5.73,7696.0,105.48
600715,文投控股,1.7,1.58,7689.0,69.02
001338,永顺泰,9.22,1.66,7685.0,46.26
600327,大东方,3.95,2.19,7671.0,34.95
002826,易明医药,17.71,2.34,7665.0,33.77
301028,鼎熔岩,13.46,2.27,7650.0,52.0
002596,海南瑞泽,3.4,1.96,7638.0,39.02
301186,超达装备,34.78,2.03,7631.0,39.91
002556,辉隆股份,5.35,1.53,7623.0,50.02
300849,锦盛新材,23.06,2.28,7621.0,34.59
600503,华丽家族,2.21,2.15,7617.0,35.41
301038,深水规院,17.88,1.91,7606.0,39.89
603050,科林电气,18.5,1.02,7601.0,74.61
600433,冠豪高新,3.36,1.29,7597.0,58.81
000926,福星股份,2.2,2.19,7581.0,35.05
301367,瑞迈特,46.46,1.7,7570.0,58.21
300138,晨光生物,12.03,1.58,7568.0,58.12
600106,重庆路桥,4.63,1.23,7564.0,61.53
600505,西昌电力,10.6,1.96,7560.0,38.64
603051,鹿山新材,21.18,2.21,7560.0,34.49
301069,凯盛新材,16.13,1.1,7556.0,73.1
300887,谱尼测试,7.24,2.88,7553.0,39.51
600382,广东明珠,6.56,1.77,7548.0,42.53
002148,北纬科技,6.43,2.6,7538.0,35.93
601096,宏盛华源,4.19,1.09,7497.0,112.09
300853,申昊科技,27.93,2.73,7496.0,41.04
300774,倍杰特,10.89,3.37,7483.0,44.51
600229,城市传媒,5.38,2.1,7476.0,35.55
301066,万事利,13.0,2.46,7461.0,30.54
688626,翔宇医疗,40.08,1.16,7443.0,64.13
300349,金卡智能,10.28,1.96,7442.0,42.89
002933,新兴装备,27.93,2.28,7439.0,32.78
300095,华伍股份,8.68,2.69,7412.0,34.24
002052,同洲电子,8.66,1.24,7405.0,65.16
603237,五芳斋,16.23,2.4,7405.0,31.81
300421,力星股份,16.35,1.94,7395.0,48.07
300479,神思电子,15.25,2.46,7393.0,30.05
301517,陕西华达,38.03,1.99,7385.0,57.52
688458,美芯晟,35.95,2.19,7379.0,40.1
600197,伊力特,9.7,1.61,7378.0,45.9
002117,东港股份,8.28,1.7,7368.0,43.36
300584,海辰药业,30.61,2.93,7364.0,36.73
600333,长春燃气,6.82,1.77,7350.0,41.54
000659,珠海中富,2.91,1.96,7339.0,37.41
688707,振华新材,10.29,1.4,7333.0,52.35
601908,京运通,2.97,1.02,7332.0,71.71
001207,联科科技,17.54,1.42,7314.0,53.17
300557,理工光科,26.97,1.74,7312.0,42.38
002642,荣联科技,7.27,1.51,7284.0,48.1
002016,世荣兆业,4.75,1.89,7282.0,38.43
600101,明星电力,7.86,1.69,7277.0,43.06
000607,华媒控股,3.81,2.16,7270.0,38.77
300507,苏奥传感,6.57,1.42,7265.0,52.82
301116,益客食品,9.79,1.65,7256.0,43.96
688218,江苏北人,39.7,1.57,7248.0,46.24
002526,山东矿机,2.73,1.5,7247.0,48.67
300768,迪普科技,14.88,1.16,7241.0,95.8
301335,天元宠物,24.77,3.3,7231.0,31.66
301000,肇民科技,23.45,1.34,7227.0,57.12
600192,长城电工,7.27,2.25,7221.0,32.12
002255,海陆重工,7.89,1.43,7196.0,65.56
002783,凯龙股份,8.05,1.94,7191.0,40.2
603101,汇嘉时代,7.69,1.99,7181.0,36.17
300815,玉禾田,15.16,1.21,7176.0,60.43
600603,广汇物流,4.84,1.28,7170.0,55.84
600207,安彩高科,4.41,1.49,7156.0,48.04
603636,南威软件,7.1,1.74,7150.0,41.21
600284,浦东建设,5.22,1.41,7148.0,50.65
688765,禾元生物-U,36.6,2.71,7142.0,130.84
000906,浙商中拓,6.1,1.66,7128.0,43.29
301558,三态股份,6.63,4.89,7112.0,52.3
688330,宏力达,36.78,1.38,7109.0,51.49
301221,光庭信息,28.31,2.81,7105.0,37.2
603209,兴通股份,14.55,1.51,7086.0,47.29
001225,和泰机电,47.38,2.32,7059.0,31.07
300894,火星人,10.99,2.18,7056.0,44.51
002376,新北洋,6.68,1.34,7054.0,54.15
688151,华强科技,16.64,1.23,7051.0,57.32
603262,技源集团,19.22,3.51,7045.0,76.88
688712,北芯生命,31.24,4.93,7018.0,130.27
301181,标榜股份,24.6,2.43,7017.0,36.95
300161,华中数控,26.48,1.36,7014.0,52.61
300867,圣元环保,17.26,2.12,7014.0,46.9
300258,精锻科技,9.37,1.31,6977.0,54.82
600293,三峡新材,2.92,2.06,6975.0,33.88
688299,长阳科技,12.88,1.88,6970.0,37.02
000020,深华发Ａ,12.28,3.12,6947.0,34.77
603926,铁流股份,16.91,1.77,6919.0,39.4
603324,盛剑科技,25.5,1.86,6909.0,38.5
301033,迈普医学,54.15,2.26,6897.0,36.33
600628,新世界,6.44,1.65,6889.0,41.66
688522,纳睿雷达,18.73,2.13,6885.0,79.42
301609,山大电力,32.26,2.17,6881.0,52.55
300443,金雷股份,18.62,1.52,6873.0,59.61
301208,中亦科技,31.45,3.24,6869.0,37.74
300232,洲明科技,5.57,1.39,6864.0,60.73
301175,中科环保,5.6,1.97,6861.0,82.43
301043,绿岛风,48.36,2.5,6856.0,32.88
002973,侨银股份,12.65,1.7,6826.0,51.7
688157,松井股份,19.33,1.88,6826.0,36.29
301680,固德电材,93.8,4.33,6822.0,77.67
603657,春光科技,25.25,2.0,6817.0,34.14
000788,北大医药,5.52,2.07,6817.0,32.9
300658,延江股份,10.36,2.75,6815.0,34.47
603416,信捷电气,47.13,1.04,6811.0,73.98
301072,中捷精工,43.94,2.27,6789.0,46.16
600527,江南高纤,2.26,1.73,6787.0,39.14
003033,征和工业,66.76,1.25,6783.0,54.58
301617,博苑新材,49.39,1.99,6781.0,85.81
301270,汉仪股份,31.36,2.28,6770.0,31.36
300066,三川智慧,4.87,1.38,6769.0,50.65
600512,腾达建设,2.08,2.05,6762.0,33.02
002449,国星光电,6.53,1.67,6760.0,40.39
300099,尤洛卡,6.02,2.09,6756.0,44.38
301555,惠柏新材,34.5,4.04,6743.0,31.83
002570,贝因美,4.62,1.35,6743.0,49.9
688311,盟升电子,22.99,1.67,6740.0,40.26
600897,厦门空港,15.48,1.04,6731.0,64.54
603955,大千生态,21.17,2.34,6725.0,34.7
002225,濮耐股份,3.62,1.9,6722.0,41.96
002806,华锋股份,14.73,2.73,6714.0,31.3
601008,连云港,4.47,1.21,6702.0,55.46
600523,贵航股份,12.26,1.35,6689.0,49.57
605228,神通科技,10.71,1.3,6665.0,51.37
600990,四创电子,18.89,1.31,6665.0,50.82
688443,智翔金泰-U,23.25,2.0,6663.0,85.25
301522,上大股份,23.16,1.04,6651.0,86.12
002951,金时科技,15.82,1.05,6640.0,63.76
002527,新时达,11.05,1.07,6627.0,73.27
603316,诚邦股份,13.32,1.88,6627.0,35.96
300125,聆达股份,9.34,1.97,6622.0,62.19
301368,丰立智能,37.8,1.46,6616.0,53.35
002935,天奥电子,15.78,1.01,6612.0,66.57
001328,登康口腔,30.31,1.35,6603.0,52.19
002314,南山控股,2.24,2.2,6593.0,60.65
601199,江南水务,5.85,1.2,6577.0,54.71
301295,美硕科技,37.72,5.92,6564.0,38.02
600851,海欣股份,8.5,1.04,6548.0,102.6
301075,多瑞医药,61.14,1.89,6547.0,48.91
688759,必贝特-U,23.16,3.92,6543.0,104.23
603615,茶花股份,18.1,1.49,6524.0,43.77
002550,千红制药,6.56,1.04,6515.0,83.95
603610,麒盛科技,14.16,1.3,6514.0,49.98
002382,蓝帆医疗,5.95,1.1,6511.0,59.95
600790,轻纺城,3.42,1.3,6509.0,50.13
002818,富森美,11.03,1.97,6497.0,82.56
300521,爱司凯,24.96,1.76,6492.0,37.37
300884,狄耐克,13.12,2.58,6484.0,33.31
300210,森远股份,8.1,1.65,6473.0,39.22
002554,惠博普,2.88,1.68,6463.0,38.41
002613,北玻股份,3.44,2.43,6463.0,37.86
605598,上海港湾,26.23,1.02,6462.0,63.18
301391,卡莱特,45.85,1.51,6445.0,43.56
300695,兆丰股份,48.61,1.3,6443.0,49.71
603271,永杰新材,41.04,1.66,6440.0,81.31
301096,百诚医药,43.47,1.78,6437.0,47.48
002021,中捷资源,2.67,2.02,6432.0,31.92
301588,美新科技,28.19,3.1,6420.0,33.51
300107,建新股份,6.98,2.64,6404.0,39.28
603711,香飘飘,11.68,1.33,6396.0,48.22
300599,雄塑科技,11.22,1.79,6384.0,40.18
601002,晋亿实业,5.4,1.24,6381.0,51.93
603527,众源新材,9.84,2.05,6380.0,31.19
688030,山石网科,16.97,2.09,6379.0,30.59
300194,福安药业,3.88,1.7,6374.0,46.16
002054,德美化工,7.29,2.27,6368.0,35.15
688219,会通股份,10.56,1.1,6361.0,57.94
002367,康力电梯,5.75,1.39,6359.0,45.87
300705,九典制药,11.06,1.55,6357.0,55.33
688070,纵横股份,36.05,1.99,6357.0,31.88
603609,禾丰股份,6.71,1.05,6353.0,60.66
688302,海创药业-U,31.38,2.04,6348.0,31.07
688595,芯海科技,29.15,1.51,6336.0,42.0
000561,烽火电子,7.86,1.04,6316.0,67.91
603348,文灿股份,14.71,1.36,6314.0,46.26
600035,楚天高速,3.71,1.06,6312.0,59.74
002469,三维化学,6.32,1.58,6294.0,41.01
301237,和顺科技,36.89,2.11,6280.0,41.05
000715,中兴商业,5.68,2.27,6270.0,30.7
300453,三鑫医疗,9.17,1.87,6265.0,47.88
301448,开创电气,44.62,1.98,6263.0,46.67
002166,莱茵生物,6.77,1.25,6263.0,50.21
300278,华昌达,3.59,1.23,6245.0,50.76
603139,康惠股份,36.56,1.71,6244.0,38.92
000718,苏宁环球,1.99,1.37,6237.0,60.39
002481,双塔食品,4.36,1.28,6232.0,53.79
603587,地素时尚,12.99,1.01,6224.0,61.4
002561,徐家汇,7.28,2.06,6223.0,30.27
002390,信邦制药,3.0,1.08,6221.0,58.32
300746,汉嘉数智,14.15,1.96,6209.0,31.94
301632,广东建科,13.51,2.49,6195.0,56.55
603886,元祖股份,12.64,2.04,6184.0,30.34
000045,深纺织Ａ,10.96,1.23,6176.0,55.51
300920,润阳科技,34.83,2.05,6161.0,45.28
300752,隆利科技,11.02,2.5,6155.0,35.58
600738,丽尚国潮,4.37,1.85,6155.0,33.27
000897,津滨发展,1.88,2.02,6145.0,30.4
300515,三德科技,15.83,1.92,6142.0,32.57
300926,博俊科技,17.69,1.16,6138.0,76.83
605169,洪通燃气,12.62,1.72,6136.0,35.7
002286,保龄宝,8.17,2.03,6131.0,31.04
300360,炬华科技,11.46,1.07,6125.0,58.93
603165,荣晟环保,14.79,1.32,6119.0,46.25
000042,中洲控股,8.76,1.05,6116.0,58.24
688350,富淼科技,26.9,1.58,6105.0,38.53
002587,奥拓电子,5.57,2.05,6097.0,36.46
600665,天地源,3.65,1.93,6087.0,31.54
600375,汉马科技,3.83,1.09,6086.0,61.4
603528,多伦科技,6.36,1.36,6086.0,44.9
601026,道生天合,14.78,3.7,6078.0,97.46
001380,华纬科技,17.95,1.45,6069.0,48.62
603386,骏亚科技,13.87,1.34,6059.0,45.26
300389,艾比森,12.85,1.72,6056.0,47.43
600586,金晶科技,4.13,1.03,6050.0,58.54
301683,慧谷新材,96.24,4.39,6026.0,60.74
300532,今天国际,7.4,1.35,6024.0,47.04
002923,润都股份,11.11,2.1,6017.0,37.21
002727,一心堂,11.26,1.34,6014.0,65.94
300733,西菱动力,13.73,1.49,6000.0,54.45
300403,汉宇集团,9.19,1.49,6000.0,55.42
002103,广博股份,6.86,2.25,5993.0,36.65
300719,安达维尔,12.64,2.64,5983.0,32.13
301141,中科磁业,38.93,3.45,5977.0,48.29
000532,华金资本,11.54,1.51,5977.0,39.78
301213,观想科技,40.08,2.06,5966.0,44.89
000407,胜利股份,4.24,1.6,5945.0,37.32
301557,常友科技,84.91,2.81,5943.0,52.67
000862,银星能源,5.25,1.8,5938.0,48.19
688580,伟思医疗,44.3,1.4,5931.0,42.43
600071,凤凰光学,16.6,1.27,5929.0,46.74
603381,永臻股份,15.01,2.78,5929.0,35.61
002614,奥佳华,5.67,2.36,5904.0,35.37
603266,天龙股份,16.61,1.79,5899.0,33.04
002375,亚厦股份,3.83,1.16,5893.0,51.32
002313,日海智能,8.59,1.83,5892.0,32.16
300213,佳讯飞鸿,6.5,1.64,5885.0,38.63
688607,康众医疗,38.67,1.72,5876.0,34.08
002351,漫步者,10.14,1.1,5873.0,90.16
688057,金达莱,18.12,1.17,5873.0,50.01
002362,汉王科技,16.17,1.75,5872.0,39.53
600824,益民集团,3.77,1.48,5865.0,39.74
603020,爱普股份,10.22,1.53,5864.0,38.39
688562,航天软件,14.63,1.0,5859.0,58.52
002912,中新赛克,20.0,1.8,5851.0,34.15
300177,中海达,6.45,1.5,5851.0,48.0
603278,大业股份,9.21,1.86,5850.0,31.48
603387,基蛋生物,9.27,1.24,5849.0,47.01
003020,立方制药,17.71,1.96,5843.0,40.42
002950,奥美医疗,8.79,1.54,5834.0,55.66
603120,肯特催化,45.72,3.36,5818.0,41.33
301329,信音电子,19.53,4.5,5798.0,33.24
002892,科力尔,9.03,1.28,5797.0,76.24
000919,金陵药业,6.56,1.42,5777.0,40.8
600358,国旅联合,5.25,2.18,5767.0,61.07
300918,南山智尚,10.57,1.08,5767.0,53.5
300206,理邦仪器,11.79,1.44,5762.0,68.34
002357,富临运业,11.3,1.63,5760.0,35.42
605056,咸亨国际,13.68,1.04,5745.0,56.0
000908,石药景峰,6.25,1.04,5738.0,109.97
600800,渤海化学,3.42,1.51,5736.0,37.96
000411,英特集团,10.22,1.0,5734.0,57.73
002823,凯中精密,13.09,1.96,5724.0,42.87
300652,雷迪克,27.69,1.72,5707.0,36.94
300577,开润股份,19.91,2.01,5700.0,47.75
605399,晨光新材,11.3,1.62,5698.0,35.18
600469,风神股份,5.21,1.29,5685.0,46.37
300893,松原安全,14.36,1.58,5684.0,67.92
002383,合众思壮,7.18,1.06,5652.0,53.16
300991,创益通,27.13,1.98,5650.0,39.07
300952,恒辉安防,16.19,2.33,5612.0,39.12
603255,鼎际得,30.5,3.03,5610.0,40.88
000151,中成股份,10.21,1.78,5597.0,35.83
003000,劲仔食品,9.78,1.86,5589.0,44.1
001216,华瓷股份,14.97,1.51,5588.0,43.71
301148,嘉戎技术,52.66,1.8,5579.0,61.35
605108,同庆楼,13.25,1.62,5577.0,34.45
002523,天桥起重,3.61,1.09,5571.0,51.14
300406,九强生物,11.78,1.11,5571.0,69.05
002586,围海股份,4.03,1.27,5567.0,46.11
688197,首药控股-U,32.45,2.68,5561.0,48.26
688776,国光电气,47.24,1.09,5561.0,51.2
001256,炜冈科技,22.36,2.32,5555.0,31.89
300375,鹏翎股份,4.22,2.47,5551.0,32.25
688571,杭华股份,8.44,1.54,5520.0,35.8
002331,皖通科技,7.08,1.93,5507.0,30.33
300293,蓝英装备,14.75,1.1,5505.0,49.92
001378,德冠新材,19.87,3.28,5492.0,34.44
688175,高凌信息,18.07,1.81,5489.0,30.38
688339,亿华通-U,17.58,1.59,5459.0,42.29
603159,上海亚虹,22.31,1.75,5457.0,31.23
601518,吉林高速,2.88,1.0,5435.0,54.45
300822,贝仕达克,12.16,1.54,5426.0,37.88
603468,津富士达,23.37,5.8,5419.0,96.34
002482,广田集团,1.32,1.1,5416.0,49.51
600052,东望时代,3.92,1.64,5411.0,33.09
300691,联合光电,14.52,1.69,5408.0,39.07
600191,华资实业,10.35,1.08,5405.0,50.19
301280,珠城科技,40.85,1.33,5405.0,78.22
603966,法兰泰克,7.39,1.41,5403.0,38.46
002786,银宝山新,7.93,1.38,5399.0,39.3
002616,长青集团,4.87,1.88,5392.0,41.84
002956,西麦食品,16.77,1.03,5384.0,52.41
000655,金岭矿业,7.21,1.25,5380.0,42.92
000546,金圆股份,4.63,1.67,5378.0,36.01
300988,津荣天宇,15.64,2.12,5378.0,30.8
300826,测绘股份,14.81,1.64,5377.0,33.8
603719,良品铺子,9.65,1.4,5377.0,38.41
603949,雪龙集团,14.83,1.72,5369.0,31.25
000863,三湘印象,4.17,1.1,5359.0,49.24
688489,三未信安,24.53,1.3,5354.0,41.6
000803,山高环能,7.45,1.54,5339.0,34.74
688077,大地熊,27.15,1.71,5330.0,31.08
301309,万得凯,32.6,2.69,5319.0,32.77
301665,泰禾股份,23.3,2.19,5312.0,104.85
601616,广电电气,3.82,1.62,5297.0,32.61
002609,捷顺科技,7.86,1.47,5296.0,50.57
605369,拱东医疗,16.91,1.42,5291.0,37.17
002160,常铝股份,4.05,1.27,5285.0,41.83
300940,南极光,13.85,2.42,5284.0,30.84
001226,拓山重工,47.42,3.12,5260.0,35.41
300354,东华测试,27.93,2.25,5250.0,38.63
002333,罗普斯金,5.46,1.44,5247.0,36.85
688007,光峰科技,10.6,1.08,5244.0,48.72
688280,精进电动-W,5.42,1.86,5235.0,31.99
600067,冠城新材,2.86,1.31,5232.0,39.8
603015,弘讯科技,10.92,1.18,5229.0,44.14
002178,延华智能,4.69,1.56,5224.0,33.4
300447,全信股份,14.27,1.82,5223.0,44.57
603382,海阳科技,19.41,2.33,5220.0,35.18
002996,顺博合金,6.2,1.84,5217.0,41.51
002983,芯瑞达,21.58,1.87,5216.0,48.01
300817,双飞集团,16.72,2.47,5214.0,36.5
605388,均瑶健康,6.18,1.39,5155.0,37.11
301016,雷尔伟,13.88,1.26,5153.0,42.53
002394,联发股份,10.77,1.48,5153.0,34.86
301168,通灵股份,39.5,1.37,5141.0,47.4
300314,戴维医疗,11.53,3.09,5126.0,33.21
603421,鼎信通讯,5.87,1.34,5120.0,38.28
001300,三柏硕,12.35,1.7,5120.0,30.11
688360,德马科技,14.66,1.32,5110.0,38.67
301077,星华新材,21.36,2.5,5109.0,36.36
603187,海容冷链,11.0,1.21,5101.0,42.5
600976,健民集团,28.05,1.18,5094.0,43.03
003015,日久光电,12.07,1.71,5088.0,33.92
600860,京城股份,8.49,1.34,5067.0,46.48
603739,蔚蓝生物,12.72,1.57,5062.0,32.19
301535,浙江华远,14.79,2.01,5059.0,62.9
301157,华塑科技,62.35,3.92,5043.0,37.41
603284,林平发展,41.48,6.41,5015.0,31.28
300370,安控科技,2.2,1.46,5009.0,34.44
002981,朝阳科技,24.24,1.7,5006.0,33.1
002401,中远海科,12.44,1.08,5003.0,46.24
301668,昊创瑞通,34.8,5.91,5001.0,38.28
